ISO-10303-21;
HEADER;
/* Generated by software containing ST-Developer
 * from STEP Tools, Inc. (www.steptools.com) 
 */
/* OPTION: using custom renumber hook */

FILE_DESCRIPTION(
/* description */ ('STEP AP242 Edition 2',
'CAx-IF Rec.Pracs.---Representation and Presentation of Product Manufa
cturing Information (PMI)---4.0---2014-10-13',
'CAx-IF Rec.Pracs.---3D Tessellated Geometry---0.4---2014-09-14','2;1',
'CAx-IF Rec.Pracs.---User Defined Attributes---1.5---2016-08-15'),
/* implementation_level */ '2;1');

FILE_NAME(
/* name */ '69d72600dd8463fb51d29719',
/* time_stamp */ '2026-04-09T04:07:29Z',
/* author */ (''),
/* organization */ (''),
/* preprocessor_version */ 'ST-DEVELOPER v20',
/* originating_system */ 'ONSHAPE BY PTC INC, 1.213',
/* authorisation */ '  ');

FILE_SCHEMA (('AP242_MANAGED_MODEL_BASED_3D_ENGINEERING_MIM_LF { 1 0 10303 442 3 1 4 }'));
ENDSEC;

DATA;
#10=ELLIPSE('',#1383,0.010055632795077,0.01);
#11=ELLIPSE('',#1384,0.010055701639442,0.01);
#12=B_SPLINE_CURVE_WITH_KNOTS('',3,(#1930,#1931,#1932,#1933,#1934,#1935,
#1936,#1937,#1938,#1939,#1940,#1941,#1942),.UNSPECIFIED.,.F.,.F.,(4,1,1,
1,1,1,1,1,1,1,4),(0.,0.00500710359788897,0.0100142071957779,0.0150213107936669,
0.0175248625926114,0.0200284143915559,0.0225319661905004,0.0250355179894448,
0.0300426215873338,0.0350497251852228,0.0400568287831118),.UNSPECIFIED.);
#13=B_SPLINE_CURVE_WITH_KNOTS('',3,(#1946,#1947,#1948,#1949,#1950,#1951,
#1952,#1953,#1954,#1955,#1956,#1957,#1958),.UNSPECIFIED.,.F.,.F.,(4,1,1,
1,1,1,1,1,1,1,4),(0.,0.00500514473737496,0.0100102894747499,0.0150154342121249,
0.0200205789494999,0.0225231513181873,0.0250257236868748,0.0275282960555623,
0.0300308684242498,0.0350360131616247,0.0400411578989997),.UNSPECIFIED.);
#14=B_SPLINE_CURVE_WITH_KNOTS('',3,(#2197,#2198,#2199,#2200),
 .UNSPECIFIED.,.F.,.F.,(4,4),(0.,0.0195461013232721),.UNSPECIFIED.);
#15=B_SPLINE_CURVE_WITH_KNOTS('',3,(#2201,#2202,#2203,#2204),
 .UNSPECIFIED.,.F.,.F.,(4,4),(0.,0.0195461013232721),.UNSPECIFIED.);
#16=LINE('',#1905,#111);
#17=LINE('',#1908,#112);
#18=LINE('',#1912,#113);
#19=LINE('',#1914,#114);
#20=LINE('',#1916,#115);
#21=LINE('',#1918,#116);
#22=LINE('',#1920,#117);
#23=LINE('',#1922,#118);
#24=LINE('',#1928,#119);
#25=LINE('',#1960,#120);
#26=LINE('',#1962,#121);
#27=LINE('',#1964,#122);
#28=LINE('',#1966,#123);
#29=LINE('',#1969,#124);
#30=LINE('',#1971,#125);
#31=LINE('',#1973,#126);
#32=LINE('',#1974,#127);
#33=LINE('',#1978,#128);
#34=LINE('',#1980,#129);
#35=LINE('',#1982,#130);
#36=LINE('',#1991,#131);
#37=LINE('',#1993,#132);
#38=LINE('',#1995,#133);
#39=LINE('',#2000,#134);
#40=LINE('',#2004,#135);
#41=LINE('',#2006,#136);
#42=LINE('',#2012,#137);
#43=LINE('',#2016,#138);
#44=LINE('',#2018,#139);
#45=LINE('',#2022,#140);
#46=LINE('',#2027,#141);
#47=LINE('',#2028,#142);
#48=LINE('',#2030,#143);
#49=LINE('',#2031,#144);
#50=LINE('',#2033,#145);
#51=LINE('',#2034,#146);
#52=LINE('',#2037,#147);
#53=LINE('',#2039,#148);
#54=LINE('',#2043,#149);
#55=LINE('',#2046,#150);
#56=LINE('',#2048,#151);
#57=LINE('',#2050,#152);
#58=LINE('',#2052,#153);
#59=LINE('',#2058,#154);
#60=LINE('',#2062,#155);
#61=LINE('',#2068,#156);
#62=LINE('',#2072,#157);
#63=LINE('',#2074,#158);
#64=LINE('',#2076,#159);
#65=LINE('',#2079,#160);
#66=LINE('',#2081,#161);
#67=LINE('',#2083,#162);
#68=LINE('',#2085,#163);
#69=LINE('',#2088,#164);
#70=LINE('',#2090,#165);
#71=LINE('',#2092,#166);
#72=LINE('',#2094,#167);
#73=LINE('',#2097,#168);
#74=LINE('',#2099,#169);
#75=LINE('',#2101,#170);
#76=LINE('',#2103,#171);
#77=LINE('',#2106,#172);
#78=LINE('',#2108,#173);
#79=LINE('',#2110,#174);
#80=LINE('',#2112,#175);
#81=LINE('',#2113,#176);
#82=LINE('',#2131,#177);
#83=LINE('',#2136,#178);
#84=LINE('',#2138,#179);
#85=LINE('',#2143,#180);
#86=LINE('',#2145,#181);
#87=LINE('',#2150,#182);
#88=LINE('',#2152,#183);
#89=LINE('',#2156,#184);
#90=LINE('',#2160,#185);
#91=LINE('',#2164,#186);
#92=LINE('',#2169,#187);
#93=LINE('',#2171,#188);
#94=LINE('',#2173,#189);
#95=LINE('',#2176,#190);
#96=LINE('',#2179,#191);
#97=LINE('',#2180,#192);
#98=LINE('',#2182,#193);
#99=LINE('',#2183,#194);
#100=LINE('',#2186,#195);
#101=LINE('',#2190,#196);
#102=LINE('',#2192,#197);
#103=LINE('',#2211,#198);
#104=LINE('',#2215,#199);
#105=LINE('',#2217,#200);
#106=LINE('',#2219,#201);
#107=LINE('',#2221,#202);
#108=LINE('',#2227,#203);
#109=LINE('',#2229,#204);
#110=LINE('',#2230,#205);
#111=VECTOR('',#1536,1.);
#112=VECTOR('',#1537,1.);
#113=VECTOR('',#1540,1.);
#114=VECTOR('',#1541,1.);
#115=VECTOR('',#1542,1.);
#116=VECTOR('',#1545,1.);
#117=VECTOR('',#1546,1.);
#118=VECTOR('',#1547,1.);
#119=VECTOR('',#1554,1.);
#120=VECTOR('',#1557,1.);
#121=VECTOR('',#1558,1.);
#122=VECTOR('',#1561,1.);
#123=VECTOR('',#1562,1.);
#124=VECTOR('',#1567,1.);
#125=VECTOR('',#1570,1.);
#126=VECTOR('',#1573,1.);
#127=VECTOR('',#1574,1.);
#128=VECTOR('',#1577,1.);
#129=VECTOR('',#1580,1.);
#130=VECTOR('',#1583,1.);
#131=VECTOR('',#1596,1.);
#132=VECTOR('',#1597,1.);
#133=VECTOR('',#1598,1.);
#134=VECTOR('',#1603,1.);
#135=VECTOR('',#1606,1.);
#136=VECTOR('',#1609,1.);
#137=VECTOR('',#1616,1.);
#138=VECTOR('',#1619,1.);
#139=VECTOR('',#1622,1.);
#140=VECTOR('',#1625,1.);
#141=VECTOR('',#1630,1.);
#142=VECTOR('',#1631,1.);
#143=VECTOR('',#1634,1.);
#144=VECTOR('',#1635,1.);
#145=VECTOR('',#1638,1.);
#146=VECTOR('',#1639,1.);
#147=VECTOR('',#1644,1.);
#148=VECTOR('',#1647,1.);
#149=VECTOR('',#1654,1.);
#150=VECTOR('',#1655,1.);
#151=VECTOR('',#1656,1.);
#152=VECTOR('',#1657,1.);
#153=VECTOR('',#1660,1.);
#154=VECTOR('',#1665,1.);
#155=VECTOR('',#1670,1.);
#156=VECTOR('',#1675,1.);
#157=VECTOR('',#1680,1.);
#158=VECTOR('',#1683,1.);
#159=VECTOR('',#1686,1.);
#160=VECTOR('',#1687,1.);
#161=VECTOR('',#1688,1.);
#162=VECTOR('',#1689,1.);
#163=VECTOR('',#1692,1.);
#164=VECTOR('',#1693,1.);
#165=VECTOR('',#1694,1.);
#166=VECTOR('',#1695,1.);
#167=VECTOR('',#1698,1.);
#168=VECTOR('',#1699,1.);
#169=VECTOR('',#1700,1.);
#170=VECTOR('',#1701,1.);
#171=VECTOR('',#1704,1.);
#172=VECTOR('',#1705,1.);
#173=VECTOR('',#1706,1.);
#174=VECTOR('',#1707,1.);
#175=VECTOR('',#1710,1.);
#176=VECTOR('',#1711,1.);
#177=VECTOR('',#1746,1.);
#178=VECTOR('',#1749,1.);
#179=VECTOR('',#1752,1.);
#180=VECTOR('',#1755,1.);
#181=VECTOR('',#1758,1.);
#182=VECTOR('',#1761,1.);
#183=VECTOR('',#1762,1.);
#184=VECTOR('',#1767,1.);
#185=VECTOR('',#1772,1.);
#186=VECTOR('',#1775,1.);
#187=VECTOR('',#1780,1.);
#188=VECTOR('',#1781,1.);
#189=VECTOR('',#1782,1.);
#190=VECTOR('',#1787,1.);
#191=VECTOR('',#1792,1.);
#192=VECTOR('',#1793,1.);
#193=VECTOR('',#1796,1.);
#194=VECTOR('',#1797,1.);
#195=VECTOR('',#1802,1.);
#196=VECTOR('',#1805,1.);
#197=VECTOR('',#1808,1.);
#198=VECTOR('',#1821,1.);
#199=VECTOR('',#1824,1.);
#200=VECTOR('',#1827,1.);
#201=VECTOR('',#1828,1.);
#202=VECTOR('',#1829,1.);
#203=VECTOR('',#1836,1.);
#204=VECTOR('',#1839,1.);
#205=VECTOR('',#1840,1.);
#206=DRAUGHTING_PRE_DEFINED_COLOUR('black');
#207=CONTEXT_DEPENDENT_SHAPE_REPRESENTATION(#225,#2274);
#208=CONTEXT_DEPENDENT_SHAPE_REPRESENTATION(#226,#2276);
#209=CONTEXT_DEPENDENT_SHAPE_REPRESENTATION(#227,#2278);
#210=CONTEXT_DEPENDENT_SHAPE_REPRESENTATION(#228,#2280);
#211=CONTEXT_DEPENDENT_SHAPE_REPRESENTATION(#229,#2282);
#212=CONTEXT_DEPENDENT_SHAPE_REPRESENTATION(#230,#2284);
#213=CONTEXT_DEPENDENT_SHAPE_REPRESENTATION(#231,#2286);
#214=CONTEXT_DEPENDENT_SHAPE_REPRESENTATION(#232,#2288);
#215=CONTEXT_DEPENDENT_SHAPE_REPRESENTATION(#233,#2290);
#216=NEXT_ASSEMBLY_USAGE_OCCURRENCE('NAUO1','Part 25','Part 25',#2291,#2292,
'');
#217=NEXT_ASSEMBLY_USAGE_OCCURRENCE('NAUO2','Part 7','Part 7',#2291,#2293,
'');
#218=NEXT_ASSEMBLY_USAGE_OCCURRENCE('NAUO3','Part 4','Part 4',#2291,#2294,
'');
#219=NEXT_ASSEMBLY_USAGE_OCCURRENCE('NAUO4','Part 28','Part 28',#2291,#2295,
'');
#220=NEXT_ASSEMBLY_USAGE_OCCURRENCE('NAUO5','Part 6','Part 6',#2291,#2296,
'');
#221=NEXT_ASSEMBLY_USAGE_OCCURRENCE('NAUO6','Part 29','Part 29',#2291,#2297,
'');
#222=NEXT_ASSEMBLY_USAGE_OCCURRENCE('NAUO7','Part 5','Part 5',#2291,#2298,
'');
#223=NEXT_ASSEMBLY_USAGE_OCCURRENCE('NAUO8','Part 27','Part 27',#2291,#2299,
'');
#224=NEXT_ASSEMBLY_USAGE_OCCURRENCE('NAUO9','Part 26','Part 26',#2291,#2300,
'');
#225=(
REPRESENTATION_RELATIONSHIP(' ',' ',#1325,#1324)
REPRESENTATION_RELATIONSHIP_WITH_TRANSFORMATION(#234)
SHAPE_REPRESENTATION_RELATIONSHIP()
);
#226=(
REPRESENTATION_RELATIONSHIP(' ',' ',#1326,#1324)
REPRESENTATION_RELATIONSHIP_WITH_TRANSFORMATION(#235)
SHAPE_REPRESENTATION_RELATIONSHIP()
);
#227=(
REPRESENTATION_RELATIONSHIP(' ',' ',#1327,#1324)
REPRESENTATION_RELATIONSHIP_WITH_TRANSFORMATION(#236)
SHAPE_REPRESENTATION_RELATIONSHIP()
);
#228=(
REPRESENTATION_RELATIONSHIP(' ',' ',#1328,#1324)
REPRESENTATION_RELATIONSHIP_WITH_TRANSFORMATION(#237)
SHAPE_REPRESENTATION_RELATIONSHIP()
);
#229=(
REPRESENTATION_RELATIONSHIP(' ',' ',#1329,#1324)
REPRESENTATION_RELATIONSHIP_WITH_TRANSFORMATION(#238)
SHAPE_REPRESENTATION_RELATIONSHIP()
);
#230=(
REPRESENTATION_RELATIONSHIP(' ',' ',#1330,#1324)
REPRESENTATION_RELATIONSHIP_WITH_TRANSFORMATION(#239)
SHAPE_REPRESENTATION_RELATIONSHIP()
);
#231=(
REPRESENTATION_RELATIONSHIP(' ',' ',#1331,#1324)
REPRESENTATION_RELATIONSHIP_WITH_TRANSFORMATION(#240)
SHAPE_REPRESENTATION_RELATIONSHIP()
);
#232=(
REPRESENTATION_RELATIONSHIP(' ',' ',#1332,#1324)
REPRESENTATION_RELATIONSHIP_WITH_TRANSFORMATION(#241)
SHAPE_REPRESENTATION_RELATIONSHIP()
);
#233=(
REPRESENTATION_RELATIONSHIP(' ',' ',#1333,#1324)
REPRESENTATION_RELATIONSHIP_WITH_TRANSFORMATION(#242)
SHAPE_REPRESENTATION_RELATIONSHIP()
);
#234=ITEM_DEFINED_TRANSFORMATION(' ',' ',#1334,#1344);
#235=ITEM_DEFINED_TRANSFORMATION(' ',' ',#1334,#1350);
#236=ITEM_DEFINED_TRANSFORMATION(' ',' ',#1334,#1360);
#237=ITEM_DEFINED_TRANSFORMATION(' ',' ',#1334,#1379);
#238=ITEM_DEFINED_TRANSFORMATION(' ',' ',#1334,#1400);
#239=ITEM_DEFINED_TRANSFORMATION(' ',' ',#1334,#1432);
#240=ITEM_DEFINED_TRANSFORMATION(' ',' ',#1334,#1458);
#241=ITEM_DEFINED_TRANSFORMATION(' ',' ',#1334,#1469);
#242=ITEM_DEFINED_TRANSFORMATION(' ',' ',#1334,#1479);
#243=SHAPE_REPRESENTATION_RELATIONSHIP('','',#1325,#252);
#244=SHAPE_REPRESENTATION_RELATIONSHIP('','',#1326,#253);
#245=SHAPE_REPRESENTATION_RELATIONSHIP('','',#1327,#254);
#246=SHAPE_REPRESENTATION_RELATIONSHIP('','',#1328,#255);
#247=SHAPE_REPRESENTATION_RELATIONSHIP('','',#1329,#256);
#248=SHAPE_REPRESENTATION_RELATIONSHIP('','',#1330,#257);
#249=SHAPE_REPRESENTATION_RELATIONSHIP('','',#1331,#258);
#250=SHAPE_REPRESENTATION_RELATIONSHIP('','',#1332,#259);
#251=SHAPE_REPRESENTATION_RELATIONSHIP('','',#1333,#260);
#252=ADVANCED_BREP_SHAPE_REPRESENTATION('',(#1305),#2250);
#253=ADVANCED_BREP_SHAPE_REPRESENTATION('',(#1306),#2251);
#254=ADVANCED_BREP_SHAPE_REPRESENTATION('',(#1307),#2252);
#255=ADVANCED_BREP_SHAPE_REPRESENTATION('',(#1308),#2253);
#256=ADVANCED_BREP_SHAPE_REPRESENTATION('',(#1309),#2254);
#257=ADVANCED_BREP_SHAPE_REPRESENTATION('',(#1310),#2255);
#258=ADVANCED_BREP_SHAPE_REPRESENTATION('',(#1311),#2256);
#259=ADVANCED_BREP_SHAPE_REPRESENTATION('',(#1312),#2257);
#260=ADVANCED_BREP_SHAPE_REPRESENTATION('',(#1313),#2258);
#261=CONICAL_SURFACE('',#1342,0.06,0.785398163397448);
#262=CONICAL_SURFACE('',#1343,0.055,0.785398163397448);
#263=CONICAL_SURFACE('',#1358,0.048,0.785398163397448);
#264=CONICAL_SURFACE('',#1359,0.053,0.785398163397448);
#265=CONICAL_SURFACE('',#1457,0.06,0.785398163397449);
#266=CONICAL_SURFACE('',#1477,0.06,0.785398163397438);
#267=CONICAL_SURFACE('',#1478,0.055,0.785398163397438);
#268=PLANE('',#1338);
#269=PLANE('',#1340);
#270=PLANE('',#1348);
#271=PLANE('',#1349);
#272=PLANE('',#1354);
#273=PLANE('',#1356);
#274=PLANE('',#1361);
#275=PLANE('',#1363);
#276=PLANE('',#1368);
#277=PLANE('',#1370);
#278=PLANE('',#1371);
#279=PLANE('',#1372);
#280=PLANE('',#1374);
#281=PLANE('',#1376);
#282=PLANE('',#1380);
#283=PLANE('',#1388);
#284=PLANE('',#1390);
#285=PLANE('',#1392);
#286=PLANE('',#1395);
#287=PLANE('',#1396);
#288=PLANE('',#1397);
#289=PLANE('',#1398);
#290=PLANE('',#1401);
#291=PLANE('',#1402);
#292=PLANE('',#1406);
#293=PLANE('',#1411);
#294=PLANE('',#1412);
#295=PLANE('',#1413);
#296=PLANE('',#1414);
#297=PLANE('',#1415);
#298=PLANE('',#1416);
#299=PLANE('',#1421);
#300=PLANE('',#1433);
#301=PLANE('',#1435);
#302=PLANE('',#1437);
#303=PLANE('',#1442);
#304=PLANE('',#1444);
#305=PLANE('',#1449);
#306=PLANE('',#1450);
#307=PLANE('',#1454);
#308=PLANE('',#1456);
#309=PLANE('',#1462);
#310=PLANE('',#1466);
#311=PLANE('',#1467);
#312=PLANE('',#1468);
#313=PLANE('',#1473);
#314=PLANE('',#1475);
#315=ORIENTED_EDGE('',*,*,#627,.F.);
#316=ORIENTED_EDGE('',*,*,#628,.F.);
#317=ORIENTED_EDGE('',*,*,#629,.F.);
#318=ORIENTED_EDGE('',*,*,#630,.F.);
#319=ORIENTED_EDGE('',*,*,#629,.T.);
#320=ORIENTED_EDGE('',*,*,#627,.T.);
#321=ORIENTED_EDGE('',*,*,#628,.T.);
#322=ORIENTED_EDGE('',*,*,#630,.T.);
#323=ORIENTED_EDGE('',*,*,#631,.F.);
#324=ORIENTED_EDGE('',*,*,#632,.T.);
#325=ORIENTED_EDGE('',*,*,#631,.T.);
#326=ORIENTED_EDGE('',*,*,#632,.F.);
#327=ORIENTED_EDGE('',*,*,#633,.T.);
#328=ORIENTED_EDGE('',*,*,#634,.T.);
#329=ORIENTED_EDGE('',*,*,#635,.T.);
#330=ORIENTED_EDGE('',*,*,#636,.T.);
#331=ORIENTED_EDGE('',*,*,#633,.F.);
#332=ORIENTED_EDGE('',*,*,#635,.F.);
#333=ORIENTED_EDGE('',*,*,#636,.F.);
#334=ORIENTED_EDGE('',*,*,#634,.F.);
#335=ORIENTED_EDGE('',*,*,#637,.F.);
#336=ORIENTED_EDGE('',*,*,#638,.T.);
#337=ORIENTED_EDGE('',*,*,#639,.F.);
#338=ORIENTED_EDGE('',*,*,#640,.F.);
#339=ORIENTED_EDGE('',*,*,#641,.T.);
#340=ORIENTED_EDGE('',*,*,#642,.F.);
#341=ORIENTED_EDGE('',*,*,#641,.F.);
#342=ORIENTED_EDGE('',*,*,#643,.F.);
#343=ORIENTED_EDGE('',*,*,#644,.T.);
#344=ORIENTED_EDGE('',*,*,#645,.T.);
#345=ORIENTED_EDGE('',*,*,#646,.F.);
#346=ORIENTED_EDGE('',*,*,#647,.F.);
#347=ORIENTED_EDGE('',*,*,#644,.F.);
#348=ORIENTED_EDGE('',*,*,#648,.T.);
#349=ORIENTED_EDGE('',*,*,#649,.F.);
#350=ORIENTED_EDGE('',*,*,#650,.T.);
#351=ORIENTED_EDGE('',*,*,#651,.F.);
#352=ORIENTED_EDGE('',*,*,#652,.T.);
#353=ORIENTED_EDGE('',*,*,#653,.T.);
#354=ORIENTED_EDGE('',*,*,#654,.F.);
#355=ORIENTED_EDGE('',*,*,#653,.F.);
#356=ORIENTED_EDGE('',*,*,#655,.T.);
#357=ORIENTED_EDGE('',*,*,#637,.T.);
#358=ORIENTED_EDGE('',*,*,#656,.F.);
#359=ORIENTED_EDGE('',*,*,#650,.F.);
#360=ORIENTED_EDGE('',*,*,#657,.F.);
#361=ORIENTED_EDGE('',*,*,#645,.F.);
#362=ORIENTED_EDGE('',*,*,#647,.T.);
#363=ORIENTED_EDGE('',*,*,#654,.T.);
#364=ORIENTED_EDGE('',*,*,#658,.F.);
#365=ORIENTED_EDGE('',*,*,#659,.F.);
#366=ORIENTED_EDGE('',*,*,#648,.F.);
#367=ORIENTED_EDGE('',*,*,#660,.T.);
#368=ORIENTED_EDGE('',*,*,#661,.T.);
#369=ORIENTED_EDGE('',*,*,#662,.F.);
#370=ORIENTED_EDGE('',*,*,#652,.F.);
#371=ORIENTED_EDGE('',*,*,#643,.T.);
#372=ORIENTED_EDGE('',*,*,#640,.T.);
#373=ORIENTED_EDGE('',*,*,#663,.F.);
#374=ORIENTED_EDGE('',*,*,#660,.F.);
#375=ORIENTED_EDGE('',*,*,#663,.T.);
#376=ORIENTED_EDGE('',*,*,#639,.T.);
#377=ORIENTED_EDGE('',*,*,#664,.F.);
#378=ORIENTED_EDGE('',*,*,#661,.F.);
#379=ORIENTED_EDGE('',*,*,#662,.T.);
#380=ORIENTED_EDGE('',*,*,#664,.T.);
#381=ORIENTED_EDGE('',*,*,#638,.F.);
#382=ORIENTED_EDGE('',*,*,#655,.F.);
#383=ORIENTED_EDGE('',*,*,#646,.T.);
#384=ORIENTED_EDGE('',*,*,#658,.T.);
#385=ORIENTED_EDGE('',*,*,#656,.T.);
#386=ORIENTED_EDGE('',*,*,#642,.T.);
#387=ORIENTED_EDGE('',*,*,#649,.T.);
#388=ORIENTED_EDGE('',*,*,#659,.T.);
#389=ORIENTED_EDGE('',*,*,#651,.T.);
#390=ORIENTED_EDGE('',*,*,#657,.T.);
#391=ORIENTED_EDGE('',*,*,#665,.T.);
#392=ORIENTED_EDGE('',*,*,#666,.T.);
#393=ORIENTED_EDGE('',*,*,#667,.T.);
#394=ORIENTED_EDGE('',*,*,#668,.F.);
#395=ORIENTED_EDGE('',*,*,#669,.F.);
#396=ORIENTED_EDGE('',*,*,#670,.F.);
#397=ORIENTED_EDGE('',*,*,#671,.T.);
#398=ORIENTED_EDGE('',*,*,#672,.T.);
#399=ORIENTED_EDGE('',*,*,#673,.T.);
#400=ORIENTED_EDGE('',*,*,#674,.T.);
#401=ORIENTED_EDGE('',*,*,#667,.F.);
#402=ORIENTED_EDGE('',*,*,#675,.F.);
#403=ORIENTED_EDGE('',*,*,#676,.F.);
#404=ORIENTED_EDGE('',*,*,#677,.T.);
#405=ORIENTED_EDGE('',*,*,#678,.T.);
#406=ORIENTED_EDGE('',*,*,#672,.F.);
#407=ORIENTED_EDGE('',*,*,#679,.F.);
#408=ORIENTED_EDGE('',*,*,#680,.T.);
#409=ORIENTED_EDGE('',*,*,#681,.T.);
#410=ORIENTED_EDGE('',*,*,#670,.T.);
#411=ORIENTED_EDGE('',*,*,#682,.F.);
#412=ORIENTED_EDGE('',*,*,#683,.T.);
#413=ORIENTED_EDGE('',*,*,#673,.F.);
#414=ORIENTED_EDGE('',*,*,#684,.F.);
#415=ORIENTED_EDGE('',*,*,#685,.T.);
#416=ORIENTED_EDGE('',*,*,#682,.T.);
#417=ORIENTED_EDGE('',*,*,#686,.F.);
#418=ORIENTED_EDGE('',*,*,#680,.F.);
#419=ORIENTED_EDGE('',*,*,#678,.F.);
#420=ORIENTED_EDGE('',*,*,#687,.T.);
#421=ORIENTED_EDGE('',*,*,#668,.T.);
#422=ORIENTED_EDGE('',*,*,#674,.F.);
#423=ORIENTED_EDGE('',*,*,#688,.F.);
#424=ORIENTED_EDGE('',*,*,#669,.T.);
#425=ORIENTED_EDGE('',*,*,#688,.T.);
#426=ORIENTED_EDGE('',*,*,#683,.F.);
#427=ORIENTED_EDGE('',*,*,#685,.F.);
#428=ORIENTED_EDGE('',*,*,#679,.T.);
#429=ORIENTED_EDGE('',*,*,#681,.F.);
#430=ORIENTED_EDGE('',*,*,#686,.T.);
#431=ORIENTED_EDGE('',*,*,#684,.T.);
#432=ORIENTED_EDGE('',*,*,#689,.F.);
#433=ORIENTED_EDGE('',*,*,#671,.F.);
#434=ORIENTED_EDGE('',*,*,#666,.F.);
#435=ORIENTED_EDGE('',*,*,#690,.T.);
#436=ORIENTED_EDGE('',*,*,#676,.T.);
#437=ORIENTED_EDGE('',*,*,#689,.T.);
#438=ORIENTED_EDGE('',*,*,#675,.T.);
#439=ORIENTED_EDGE('',*,*,#677,.F.);
#440=ORIENTED_EDGE('',*,*,#690,.F.);
#441=ORIENTED_EDGE('',*,*,#665,.F.);
#442=ORIENTED_EDGE('',*,*,#687,.F.);
#443=ORIENTED_EDGE('',*,*,#691,.F.);
#444=ORIENTED_EDGE('',*,*,#692,.F.);
#445=ORIENTED_EDGE('',*,*,#693,.T.);
#446=ORIENTED_EDGE('',*,*,#694,.F.);
#447=ORIENTED_EDGE('',*,*,#695,.F.);
#448=ORIENTED_EDGE('',*,*,#696,.F.);
#449=ORIENTED_EDGE('',*,*,#693,.F.);
#450=ORIENTED_EDGE('',*,*,#697,.T.);
#451=ORIENTED_EDGE('',*,*,#698,.F.);
#452=ORIENTED_EDGE('',*,*,#699,.F.);
#453=ORIENTED_EDGE('',*,*,#700,.T.);
#454=ORIENTED_EDGE('',*,*,#701,.F.);
#455=ORIENTED_EDGE('',*,*,#691,.T.);
#456=ORIENTED_EDGE('',*,*,#702,.F.);
#457=ORIENTED_EDGE('',*,*,#703,.T.);
#458=ORIENTED_EDGE('',*,*,#704,.F.);
#459=ORIENTED_EDGE('',*,*,#701,.T.);
#460=ORIENTED_EDGE('',*,*,#705,.F.);
#461=ORIENTED_EDGE('',*,*,#697,.F.);
#462=ORIENTED_EDGE('',*,*,#692,.T.);
#463=ORIENTED_EDGE('',*,*,#698,.T.);
#464=ORIENTED_EDGE('',*,*,#705,.T.);
#465=ORIENTED_EDGE('',*,*,#700,.F.);
#466=ORIENTED_EDGE('',*,*,#706,.F.);
#467=ORIENTED_EDGE('',*,*,#707,.F.);
#468=ORIENTED_EDGE('',*,*,#708,.F.);
#469=ORIENTED_EDGE('',*,*,#709,.T.);
#470=ORIENTED_EDGE('',*,*,#710,.F.);
#471=ORIENTED_EDGE('',*,*,#711,.T.);
#472=ORIENTED_EDGE('',*,*,#712,.F.);
#473=ORIENTED_EDGE('',*,*,#713,.F.);
#474=ORIENTED_EDGE('',*,*,#714,.F.);
#475=ORIENTED_EDGE('',*,*,#715,.F.);
#476=ORIENTED_EDGE('',*,*,#716,.F.);
#477=ORIENTED_EDGE('',*,*,#717,.T.);
#478=ORIENTED_EDGE('',*,*,#718,.F.);
#479=ORIENTED_EDGE('',*,*,#719,.T.);
#480=ORIENTED_EDGE('',*,*,#720,.F.);
#481=ORIENTED_EDGE('',*,*,#721,.F.);
#482=ORIENTED_EDGE('',*,*,#722,.F.);
#483=ORIENTED_EDGE('',*,*,#703,.F.);
#484=ORIENTED_EDGE('',*,*,#723,.F.);
#485=ORIENTED_EDGE('',*,*,#695,.T.);
#486=ORIENTED_EDGE('',*,*,#724,.F.);
#487=ORIENTED_EDGE('',*,*,#709,.F.);
#488=ORIENTED_EDGE('',*,*,#725,.F.);
#489=ORIENTED_EDGE('',*,*,#713,.T.);
#490=ORIENTED_EDGE('',*,*,#726,.F.);
#491=ORIENTED_EDGE('',*,*,#715,.T.);
#492=ORIENTED_EDGE('',*,*,#727,.F.);
#493=ORIENTED_EDGE('',*,*,#719,.F.);
#494=ORIENTED_EDGE('',*,*,#728,.F.);
#495=ORIENTED_EDGE('',*,*,#721,.T.);
#496=ORIENTED_EDGE('',*,*,#729,.F.);
#497=ORIENTED_EDGE('',*,*,#717,.F.);
#498=ORIENTED_EDGE('',*,*,#730,.F.);
#499=ORIENTED_EDGE('',*,*,#711,.F.);
#500=ORIENTED_EDGE('',*,*,#731,.F.);
#501=ORIENTED_EDGE('',*,*,#707,.T.);
#502=ORIENTED_EDGE('',*,*,#732,.F.);
#503=ORIENTED_EDGE('',*,*,#728,.T.);
#504=ORIENTED_EDGE('',*,*,#722,.T.);
#505=ORIENTED_EDGE('',*,*,#732,.T.);
#506=ORIENTED_EDGE('',*,*,#710,.T.);
#507=ORIENTED_EDGE('',*,*,#725,.T.);
#508=ORIENTED_EDGE('',*,*,#708,.T.);
#509=ORIENTED_EDGE('',*,*,#731,.T.);
#510=ORIENTED_EDGE('',*,*,#714,.T.);
#511=ORIENTED_EDGE('',*,*,#727,.T.);
#512=ORIENTED_EDGE('',*,*,#718,.T.);
#513=ORIENTED_EDGE('',*,*,#729,.T.);
#514=ORIENTED_EDGE('',*,*,#720,.T.);
#515=ORIENTED_EDGE('',*,*,#726,.T.);
#516=ORIENTED_EDGE('',*,*,#712,.T.);
#517=ORIENTED_EDGE('',*,*,#730,.T.);
#518=ORIENTED_EDGE('',*,*,#716,.T.);
#519=ORIENTED_EDGE('',*,*,#699,.T.);
#520=ORIENTED_EDGE('',*,*,#706,.T.);
#521=ORIENTED_EDGE('',*,*,#704,.T.);
#522=ORIENTED_EDGE('',*,*,#724,.T.);
#523=ORIENTED_EDGE('',*,*,#696,.T.);
#524=ORIENTED_EDGE('',*,*,#723,.T.);
#525=ORIENTED_EDGE('',*,*,#702,.T.);
#526=ORIENTED_EDGE('',*,*,#694,.T.);
#527=ORIENTED_EDGE('',*,*,#733,.T.);
#528=ORIENTED_EDGE('',*,*,#734,.F.);
#529=ORIENTED_EDGE('',*,*,#735,.T.);
#530=ORIENTED_EDGE('',*,*,#736,.F.);
#531=ORIENTED_EDGE('',*,*,#737,.F.);
#532=ORIENTED_EDGE('',*,*,#738,.T.);
#533=ORIENTED_EDGE('',*,*,#739,.T.);
#534=ORIENTED_EDGE('',*,*,#740,.T.);
#535=ORIENTED_EDGE('',*,*,#741,.F.);
#536=ORIENTED_EDGE('',*,*,#742,.F.);
#537=ORIENTED_EDGE('',*,*,#743,.T.);
#538=ORIENTED_EDGE('',*,*,#744,.F.);
#539=ORIENTED_EDGE('',*,*,#745,.F.);
#540=ORIENTED_EDGE('',*,*,#742,.T.);
#541=ORIENTED_EDGE('',*,*,#746,.F.);
#542=ORIENTED_EDGE('',*,*,#747,.T.);
#543=ORIENTED_EDGE('',*,*,#748,.T.);
#544=ORIENTED_EDGE('',*,*,#744,.T.);
#545=ORIENTED_EDGE('',*,*,#749,.T.);
#546=ORIENTED_EDGE('',*,*,#750,.F.);
#547=ORIENTED_EDGE('',*,*,#751,.F.);
#548=ORIENTED_EDGE('',*,*,#752,.T.);
#549=ORIENTED_EDGE('',*,*,#753,.F.);
#550=ORIENTED_EDGE('',*,*,#738,.F.);
#551=ORIENTED_EDGE('',*,*,#754,.F.);
#552=ORIENTED_EDGE('',*,*,#733,.F.);
#553=ORIENTED_EDGE('',*,*,#755,.T.);
#554=ORIENTED_EDGE('',*,*,#751,.T.);
#555=ORIENTED_EDGE('',*,*,#748,.F.);
#556=ORIENTED_EDGE('',*,*,#756,.T.);
#557=ORIENTED_EDGE('',*,*,#752,.F.);
#558=ORIENTED_EDGE('',*,*,#755,.F.);
#559=ORIENTED_EDGE('',*,*,#735,.F.);
#560=ORIENTED_EDGE('',*,*,#757,.T.);
#561=ORIENTED_EDGE('',*,*,#739,.F.);
#562=ORIENTED_EDGE('',*,*,#745,.T.);
#563=ORIENTED_EDGE('',*,*,#750,.T.);
#564=ORIENTED_EDGE('',*,*,#758,.T.);
#565=ORIENTED_EDGE('',*,*,#746,.T.);
#566=ORIENTED_EDGE('',*,*,#743,.F.);
#567=ORIENTED_EDGE('',*,*,#741,.T.);
#568=ORIENTED_EDGE('',*,*,#759,.T.);
#569=ORIENTED_EDGE('',*,*,#736,.T.);
#570=ORIENTED_EDGE('',*,*,#753,.T.);
#571=ORIENTED_EDGE('',*,*,#747,.F.);
#572=ORIENTED_EDGE('',*,*,#758,.F.);
#573=ORIENTED_EDGE('',*,*,#749,.F.);
#574=ORIENTED_EDGE('',*,*,#756,.F.);
#575=ORIENTED_EDGE('',*,*,#760,.F.);
#576=ORIENTED_EDGE('',*,*,#761,.T.);
#577=ORIENTED_EDGE('',*,*,#762,.T.);
#578=ORIENTED_EDGE('',*,*,#737,.T.);
#579=ORIENTED_EDGE('',*,*,#759,.F.);
#580=ORIENTED_EDGE('',*,*,#740,.F.);
#581=ORIENTED_EDGE('',*,*,#757,.F.);
#582=ORIENTED_EDGE('',*,*,#734,.T.);
#583=ORIENTED_EDGE('',*,*,#763,.F.);
#584=ORIENTED_EDGE('',*,*,#764,.T.);
#585=ORIENTED_EDGE('',*,*,#762,.F.);
#586=ORIENTED_EDGE('',*,*,#765,.T.);
#587=ORIENTED_EDGE('',*,*,#763,.T.);
#588=ORIENTED_EDGE('',*,*,#766,.T.);
#589=ORIENTED_EDGE('',*,*,#760,.T.);
#590=ORIENTED_EDGE('',*,*,#754,.T.);
#591=ORIENTED_EDGE('',*,*,#766,.F.);
#592=ORIENTED_EDGE('',*,*,#764,.F.);
#593=ORIENTED_EDGE('',*,*,#765,.F.);
#594=ORIENTED_EDGE('',*,*,#761,.F.);
#595=ORIENTED_EDGE('',*,*,#767,.F.);
#596=ORIENTED_EDGE('',*,*,#768,.F.);
#597=ORIENTED_EDGE('',*,*,#769,.T.);
#598=ORIENTED_EDGE('',*,*,#770,.T.);
#599=ORIENTED_EDGE('',*,*,#771,.F.);
#600=ORIENTED_EDGE('',*,*,#770,.F.);
#601=ORIENTED_EDGE('',*,*,#772,.T.);
#602=ORIENTED_EDGE('',*,*,#773,.T.);
#603=ORIENTED_EDGE('',*,*,#774,.F.);
#604=ORIENTED_EDGE('',*,*,#773,.F.);
#605=ORIENTED_EDGE('',*,*,#775,.T.);
#606=ORIENTED_EDGE('',*,*,#776,.T.);
#607=ORIENTED_EDGE('',*,*,#777,.T.);
#608=ORIENTED_EDGE('',*,*,#776,.F.);
#609=ORIENTED_EDGE('',*,*,#778,.F.);
#610=ORIENTED_EDGE('',*,*,#768,.T.);
#611=ORIENTED_EDGE('',*,*,#769,.F.);
#612=ORIENTED_EDGE('',*,*,#778,.T.);
#613=ORIENTED_EDGE('',*,*,#775,.F.);
#614=ORIENTED_EDGE('',*,*,#772,.F.);
#615=ORIENTED_EDGE('',*,*,#767,.T.);
#616=ORIENTED_EDGE('',*,*,#771,.T.);
#617=ORIENTED_EDGE('',*,*,#774,.T.);
#618=ORIENTED_EDGE('',*,*,#777,.F.);
#619=ORIENTED_EDGE('',*,*,#779,.F.);
#620=ORIENTED_EDGE('',*,*,#780,.F.);
#621=ORIENTED_EDGE('',*,*,#781,.F.);
#622=ORIENTED_EDGE('',*,*,#782,.F.);
#623=ORIENTED_EDGE('',*,*,#781,.T.);
#624=ORIENTED_EDGE('',*,*,#779,.T.);
#625=ORIENTED_EDGE('',*,*,#780,.T.);
#626=ORIENTED_EDGE('',*,*,#782,.T.);
#627=EDGE_CURVE('',#783,#783,#889,.T.);
#628=EDGE_CURVE('',#784,#784,#890,.F.);
#629=EDGE_CURVE('',#785,#785,#891,.F.);
#630=EDGE_CURVE('',#786,#786,#892,.T.);
#631=EDGE_CURVE('',#787,#787,#893,.T.);
#632=EDGE_CURVE('',#788,#788,#894,.T.);
#633=EDGE_CURVE('',#789,#789,#895,.F.);
#634=EDGE_CURVE('',#790,#790,#896,.T.);
#635=EDGE_CURVE('',#791,#791,#897,.T.);
#636=EDGE_CURVE('',#792,#792,#898,.F.);
#637=EDGE_CURVE('',#793,#794,#16,.T.);
#638=EDGE_CURVE('',#793,#795,#17,.T.);
#639=EDGE_CURVE('',#796,#795,#899,.T.);
#640=EDGE_CURVE('',#797,#796,#18,.T.);
#641=EDGE_CURVE('',#797,#798,#19,.T.);
#642=EDGE_CURVE('',#794,#798,#20,.F.);
#643=EDGE_CURVE('',#799,#797,#21,.T.);
#644=EDGE_CURVE('',#799,#800,#22,.T.);
#645=EDGE_CURVE('',#800,#801,#23,.T.);
#646=EDGE_CURVE('',#798,#801,#900,.T.);
#647=EDGE_CURVE('',#800,#802,#901,.T.);
#648=EDGE_CURVE('',#799,#803,#24,.F.);
#649=EDGE_CURVE('',#804,#803,#12,.T.);
#650=EDGE_CURVE('',#804,#805,#902,.T.);
#651=EDGE_CURVE('',#806,#805,#13,.T.);
#652=EDGE_CURVE('',#806,#807,#25,.T.);
#653=EDGE_CURVE('',#807,#802,#26,.T.);
#654=EDGE_CURVE('',#802,#808,#27,.T.);
#655=EDGE_CURVE('',#807,#793,#28,.T.);
#656=EDGE_CURVE('',#808,#794,#903,.F.);
#657=EDGE_CURVE('',#805,#804,#29,.F.);
#658=EDGE_CURVE('',#801,#808,#30,.T.);
#659=EDGE_CURVE('',#803,#806,#31,.T.);
#660=EDGE_CURVE('',#799,#809,#32,.T.);
#661=EDGE_CURVE('',#809,#810,#904,.F.);
#662=EDGE_CURVE('',#807,#810,#33,.T.);
#663=EDGE_CURVE('',#809,#796,#34,.T.);
#664=EDGE_CURVE('',#810,#795,#35,.T.);
#665=EDGE_CURVE('',#811,#812,#905,.F.);
#666=EDGE_CURVE('',#812,#813,#36,.T.);
#667=EDGE_CURVE('',#813,#814,#37,.T.);
#668=EDGE_CURVE('',#811,#814,#38,.T.);
#669=EDGE_CURVE('',#815,#816,#10,.T.);
#670=EDGE_CURVE('',#817,#815,#39,.T.);
#671=EDGE_CURVE('',#817,#818,#11,.T.);
#672=EDGE_CURVE('',#818,#816,#40,.T.);
#673=EDGE_CURVE('',#819,#820,#41,.T.);
#674=EDGE_CURVE('',#820,#814,#906,.T.);
#675=EDGE_CURVE('',#819,#813,#907,.T.);
#676=EDGE_CURVE('',#821,#818,#42,.T.);
#677=EDGE_CURVE('',#821,#822,#908,.T.);
#678=EDGE_CURVE('',#822,#816,#43,.T.);
#679=EDGE_CURVE('',#823,#815,#44,.T.);
#680=EDGE_CURVE('',#823,#824,#909,.T.);
#681=EDGE_CURVE('',#824,#817,#45,.T.);
#682=EDGE_CURVE('',#825,#826,#910,.T.);
#683=EDGE_CURVE('',#825,#820,#46,.T.);
#684=EDGE_CURVE('',#826,#819,#47,.T.);
#685=EDGE_CURVE('',#823,#825,#48,.T.);
#686=EDGE_CURVE('',#824,#826,#49,.T.);
#687=EDGE_CURVE('',#822,#811,#50,.F.);
#688=EDGE_CURVE('',#816,#820,#51,.T.);
#689=EDGE_CURVE('',#818,#819,#52,.T.);
#690=EDGE_CURVE('',#812,#821,#53,.T.);
#691=EDGE_CURVE('',#827,#828,#54,.T.);
#692=EDGE_CURVE('',#829,#827,#55,.T.);
#693=EDGE_CURVE('',#829,#830,#56,.T.);
#694=EDGE_CURVE('',#828,#830,#57,.F.);
#695=EDGE_CURVE('',#831,#832,#58,.T.);
#696=EDGE_CURVE('',#830,#831,#911,.T.);
#697=EDGE_CURVE('',#829,#833,#912,.T.);
#698=EDGE_CURVE('',#834,#833,#59,.T.);
#699=EDGE_CURVE('',#832,#834,#913,.T.);
#700=EDGE_CURVE('',#835,#836,#60,.T.);
#701=EDGE_CURVE('',#827,#836,#914,.T.);
#702=EDGE_CURVE('',#837,#828,#915,.F.);
#703=EDGE_CURVE('',#837,#838,#61,.T.);
#704=EDGE_CURVE('',#835,#838,#916,.F.);
#705=EDGE_CURVE('',#833,#836,#62,.T.);
#706=EDGE_CURVE('',#834,#835,#63,.T.);
#707=EDGE_CURVE('',#839,#840,#64,.T.);
#708=EDGE_CURVE('',#841,#839,#65,.T.);
#709=EDGE_CURVE('',#841,#842,#66,.T.);
#710=EDGE_CURVE('',#840,#842,#67,.F.);
#711=EDGE_CURVE('',#843,#844,#68,.T.);
#712=EDGE_CURVE('',#845,#844,#69,.T.);
#713=EDGE_CURVE('',#846,#845,#70,.T.);
#714=EDGE_CURVE('',#843,#846,#71,.F.);
#715=EDGE_CURVE('',#847,#848,#72,.T.);
#716=EDGE_CURVE('',#849,#847,#73,.F.);
#717=EDGE_CURVE('',#849,#850,#74,.T.);
#718=EDGE_CURVE('',#848,#850,#75,.T.);
#719=EDGE_CURVE('',#851,#852,#76,.T.);
#720=EDGE_CURVE('',#853,#852,#77,.F.);
#721=EDGE_CURVE('',#854,#853,#78,.T.);
#722=EDGE_CURVE('',#851,#854,#79,.T.);
#723=EDGE_CURVE('',#831,#837,#80,.T.);
#724=EDGE_CURVE('',#838,#832,#81,.F.);
#725=EDGE_CURVE('',#846,#841,#917,.F.);
#726=EDGE_CURVE('',#847,#845,#918,.F.);
#727=EDGE_CURVE('',#852,#848,#919,.F.);
#728=EDGE_CURVE('',#842,#851,#920,.F.);
#729=EDGE_CURVE('',#850,#853,#921,.F.);
#730=EDGE_CURVE('',#844,#849,#922,.F.);
#731=EDGE_CURVE('',#839,#843,#923,.F.);
#732=EDGE_CURVE('',#854,#840,#924,.F.);
#733=EDGE_CURVE('',#855,#856,#82,.T.);
#734=EDGE_CURVE('',#857,#856,#925,.T.);
#735=EDGE_CURVE('',#857,#855,#83,.T.);
#736=EDGE_CURVE('',#858,#859,#84,.T.);
#737=EDGE_CURVE('',#860,#858,#926,.T.);
#738=EDGE_CURVE('',#860,#859,#85,.T.);
#739=EDGE_CURVE('',#861,#862,#86,.T.);
#740=EDGE_CURVE('',#862,#863,#927,.T.);
#741=EDGE_CURVE('',#864,#863,#87,.T.);
#742=EDGE_CURVE('',#861,#864,#88,.T.);
#743=EDGE_CURVE('',#864,#865,#928,.T.);
#744=EDGE_CURVE('',#866,#865,#89,.T.);
#745=EDGE_CURVE('',#861,#866,#929,.T.);
#746=EDGE_CURVE('',#867,#865,#90,.T.);
#747=EDGE_CURVE('',#867,#868,#930,.T.);
#748=EDGE_CURVE('',#868,#866,#91,.T.);
#749=EDGE_CURVE('',#869,#870,#931,.T.);
#750=EDGE_CURVE('',#871,#870,#92,.T.);
#751=EDGE_CURVE('',#872,#871,#93,.T.);
#752=EDGE_CURVE('',#872,#869,#94,.T.);
#753=EDGE_CURVE('',#859,#871,#932,.T.);
#754=EDGE_CURVE('',#856,#860,#95,.T.);
#755=EDGE_CURVE('',#855,#872,#933,.T.);
#756=EDGE_CURVE('',#868,#869,#96,.F.);
#757=EDGE_CURVE('',#857,#862,#97,.F.);
#758=EDGE_CURVE('',#870,#867,#98,.T.);
#759=EDGE_CURVE('',#863,#858,#99,.T.);
#760=EDGE_CURVE('',#873,#856,#100,.T.);
#761=EDGE_CURVE('',#873,#874,#934,.T.);
#762=EDGE_CURVE('',#874,#860,#101,.T.);
#763=EDGE_CURVE('',#875,#876,#102,.T.);
#764=EDGE_CURVE('',#875,#876,#935,.F.);
#765=EDGE_CURVE('',#874,#875,#14,.T.);
#766=EDGE_CURVE('',#876,#873,#15,.T.);
#767=EDGE_CURVE('',#877,#878,#936,.T.);
#768=EDGE_CURVE('',#879,#877,#103,.T.);
#769=EDGE_CURVE('',#879,#880,#937,.T.);
#770=EDGE_CURVE('',#880,#878,#104,.T.);
#771=EDGE_CURVE('',#878,#881,#105,.T.);
#772=EDGE_CURVE('',#880,#882,#106,.T.);
#773=EDGE_CURVE('',#882,#881,#107,.T.);
#774=EDGE_CURVE('',#881,#883,#938,.T.);
#775=EDGE_CURVE('',#882,#884,#939,.T.);
#776=EDGE_CURVE('',#884,#883,#108,.T.);
#777=EDGE_CURVE('',#877,#883,#109,.T.);
#778=EDGE_CURVE('',#879,#884,#110,.T.);
#779=EDGE_CURVE('',#885,#885,#940,.T.);
#780=EDGE_CURVE('',#886,#886,#941,.F.);
#781=EDGE_CURVE('',#887,#887,#942,.F.);
#782=EDGE_CURVE('',#888,#888,#943,.T.);
#783=VERTEX_POINT('',#1870);
#784=VERTEX_POINT('',#1872);
#785=VERTEX_POINT('',#1875);
#786=VERTEX_POINT('',#1878);
#787=VERTEX_POINT('',#1884);
#788=VERTEX_POINT('',#1886);
#789=VERTEX_POINT('',#1892);
#790=VERTEX_POINT('',#1894);
#791=VERTEX_POINT('',#1897);
#792=VERTEX_POINT('',#1900);
#793=VERTEX_POINT('',#1906);
#794=VERTEX_POINT('',#1907);
#795=VERTEX_POINT('',#1909);
#796=VERTEX_POINT('',#1911);
#797=VERTEX_POINT('',#1913);
#798=VERTEX_POINT('',#1915);
#799=VERTEX_POINT('',#1919);
#800=VERTEX_POINT('',#1921);
#801=VERTEX_POINT('',#1923);
#802=VERTEX_POINT('',#1927);
#803=VERTEX_POINT('',#1929);
#804=VERTEX_POINT('',#1943);
#805=VERTEX_POINT('',#1945);
#806=VERTEX_POINT('',#1959);
#807=VERTEX_POINT('',#1961);
#808=VERTEX_POINT('',#1965);
#809=VERTEX_POINT('',#1975);
#810=VERTEX_POINT('',#1977);
#811=VERTEX_POINT('',#1989);
#812=VERTEX_POINT('',#1990);
#813=VERTEX_POINT('',#1992);
#814=VERTEX_POINT('',#1994);
#815=VERTEX_POINT('',#1998);
#816=VERTEX_POINT('',#1999);
#817=VERTEX_POINT('',#2001);
#818=VERTEX_POINT('',#2003);
#819=VERTEX_POINT('',#2007);
#820=VERTEX_POINT('',#2008);
#821=VERTEX_POINT('',#2013);
#822=VERTEX_POINT('',#2015);
#823=VERTEX_POINT('',#2019);
#824=VERTEX_POINT('',#2021);
#825=VERTEX_POINT('',#2025);
#826=VERTEX_POINT('',#2026);
#827=VERTEX_POINT('',#2044);
#828=VERTEX_POINT('',#2045);
#829=VERTEX_POINT('',#2047);
#830=VERTEX_POINT('',#2049);
#831=VERTEX_POINT('',#2053);
#832=VERTEX_POINT('',#2054);
#833=VERTEX_POINT('',#2057);
#834=VERTEX_POINT('',#2059);
#835=VERTEX_POINT('',#2063);
#836=VERTEX_POINT('',#2064);
#837=VERTEX_POINT('',#2067);
#838=VERTEX_POINT('',#2069);
#839=VERTEX_POINT('',#2077);
#840=VERTEX_POINT('',#2078);
#841=VERTEX_POINT('',#2080);
#842=VERTEX_POINT('',#2082);
#843=VERTEX_POINT('',#2086);
#844=VERTEX_POINT('',#2087);
#845=VERTEX_POINT('',#2089);
#846=VERTEX_POINT('',#2091);
#847=VERTEX_POINT('',#2095);
#848=VERTEX_POINT('',#2096);
#849=VERTEX_POINT('',#2098);
#850=VERTEX_POINT('',#2100);
#851=VERTEX_POINT('',#2104);
#852=VERTEX_POINT('',#2105);
#853=VERTEX_POINT('',#2107);
#854=VERTEX_POINT('',#2109);
#855=VERTEX_POINT('',#2132);
#856=VERTEX_POINT('',#2133);
#857=VERTEX_POINT('',#2135);
#858=VERTEX_POINT('',#2139);
#859=VERTEX_POINT('',#2140);
#860=VERTEX_POINT('',#2142);
#861=VERTEX_POINT('',#2146);
#862=VERTEX_POINT('',#2147);
#863=VERTEX_POINT('',#2149);
#864=VERTEX_POINT('',#2151);
#865=VERTEX_POINT('',#2155);
#866=VERTEX_POINT('',#2157);
#867=VERTEX_POINT('',#2161);
#868=VERTEX_POINT('',#2163);
#869=VERTEX_POINT('',#2167);
#870=VERTEX_POINT('',#2168);
#871=VERTEX_POINT('',#2170);
#872=VERTEX_POINT('',#2172);
#873=VERTEX_POINT('',#2187);
#874=VERTEX_POINT('',#2189);
#875=VERTEX_POINT('',#2193);
#876=VERTEX_POINT('',#2194);
#877=VERTEX_POINT('',#2209);
#878=VERTEX_POINT('',#2210);
#879=VERTEX_POINT('',#2212);
#880=VERTEX_POINT('',#2214);
#881=VERTEX_POINT('',#2218);
#882=VERTEX_POINT('',#2220);
#883=VERTEX_POINT('',#2224);
#884=VERTEX_POINT('',#2226);
#885=VERTEX_POINT('',#2236);
#886=VERTEX_POINT('',#2238);
#887=VERTEX_POINT('',#2241);
#888=VERTEX_POINT('',#2244);
#889=CIRCLE('',#1336,0.06);
#890=CIRCLE('',#1337,0.06);
#891=CIRCLE('',#1339,0.055);
#892=CIRCLE('',#1341,0.055);
#893=CIRCLE('',#1346,0.06);
#894=CIRCLE('',#1347,0.06);
#895=CIRCLE('',#1352,0.053);
#896=CIRCLE('',#1353,0.053);
#897=CIRCLE('',#1355,0.048);
#898=CIRCLE('',#1357,0.048);
#899=CIRCLE('',#1362,0.06);
#900=CIRCLE('',#1364,0.025);
#901=CIRCLE('',#1366,0.053);
#902=CIRCLE('',#1367,0.053);
#903=CIRCLE('',#1369,0.025);
#904=CIRCLE('',#1373,0.06);
#905=CIRCLE('',#1381,0.053);
#906=CIRCLE('',#1386,0.0245);
#907=CIRCLE('',#1387,0.0245);
#908=CIRCLE('',#1389,0.053);
#909=CIRCLE('',#1391,0.059827073722077);
#910=CIRCLE('',#1393,0.059827073722077);
#911=CIRCLE('',#1403,0.04);
#912=CIRCLE('',#1404,0.06);
#913=CIRCLE('',#1405,0.04);
#914=CIRCLE('',#1407,0.06);
#915=CIRCLE('',#1408,0.04);
#916=CIRCLE('',#1409,0.04);
#917=CIRCLE('',#1417,0.04);
#918=CIRCLE('',#1418,0.04);
#919=CIRCLE('',#1419,0.04);
#920=CIRCLE('',#1420,0.04);
#921=CIRCLE('',#1422,0.04);
#922=CIRCLE('',#1423,0.04);
#923=CIRCLE('',#1424,0.04);
#924=CIRCLE('',#1425,0.04);
#925=CIRCLE('',#1434,0.06);
#926=CIRCLE('',#1436,0.06);
#927=CIRCLE('',#1438,0.06);
#928=CIRCLE('',#1440,0.03);
#929=CIRCLE('',#1441,0.03);
#930=CIRCLE('',#1443,0.06);
#931=CIRCLE('',#1445,0.06);
#932=CIRCLE('',#1447,0.015);
#933=CIRCLE('',#1448,0.015);
#934=CIRCLE('',#1453,0.06);
#935=CIRCLE('',#1455,0.055);
#936=CIRCLE('',#1460,0.06);
#937=CIRCLE('',#1461,0.06);
#938=CIRCLE('',#1464,0.06);
#939=CIRCLE('',#1465,0.06);
#940=CIRCLE('',#1471,0.06);
#941=CIRCLE('',#1472,0.06);
#942=CIRCLE('',#1474,0.055);
#943=CIRCLE('',#1476,0.055);
#944=EDGE_LOOP('',(#315));
#945=EDGE_LOOP('',(#316));
#946=EDGE_LOOP('',(#317));
#947=EDGE_LOOP('',(#318));
#948=EDGE_LOOP('',(#319));
#949=EDGE_LOOP('',(#320));
#950=EDGE_LOOP('',(#321));
#951=EDGE_LOOP('',(#322));
#952=EDGE_LOOP('',(#323));
#953=EDGE_LOOP('',(#324));
#954=EDGE_LOOP('',(#325));
#955=EDGE_LOOP('',(#326));
#956=EDGE_LOOP('',(#327));
#957=EDGE_LOOP('',(#328));
#958=EDGE_LOOP('',(#329));
#959=EDGE_LOOP('',(#330));
#960=EDGE_LOOP('',(#331));
#961=EDGE_LOOP('',(#332));
#962=EDGE_LOOP('',(#333));
#963=EDGE_LOOP('',(#334));
#964=EDGE_LOOP('',(#335,#336,#337,#338,#339,#340));
#965=EDGE_LOOP('',(#341,#342,#343,#344,#345));
#966=EDGE_LOOP('',(#346,#347,#348,#349,#350,#351,#352,#353));
#967=EDGE_LOOP('',(#354,#355,#356,#357,#358));
#968=EDGE_LOOP('',(#359,#360));
#969=EDGE_LOOP('',(#361,#362,#363,#364));
#970=EDGE_LOOP('',(#365,#366,#367,#368,#369,#370));
#971=EDGE_LOOP('',(#371,#372,#373,#374));
#972=EDGE_LOOP('',(#375,#376,#377,#378));
#973=EDGE_LOOP('',(#379,#380,#381,#382));
#974=EDGE_LOOP('',(#383,#384,#385,#386));
#975=EDGE_LOOP('',(#387,#388,#389,#390));
#976=EDGE_LOOP('',(#391,#392,#393,#394));
#977=EDGE_LOOP('',(#395,#396,#397,#398));
#978=EDGE_LOOP('',(#399,#400,#401,#402));
#979=EDGE_LOOP('',(#403,#404,#405,#406));
#980=EDGE_LOOP('',(#407,#408,#409,#410));
#981=EDGE_LOOP('',(#411,#412,#413,#414));
#982=EDGE_LOOP('',(#415,#416,#417,#418));
#983=EDGE_LOOP('',(#419,#420,#421,#422,#423));
#984=EDGE_LOOP('',(#424,#425,#426,#427,#428));
#985=EDGE_LOOP('',(#429,#430,#431,#432,#433));
#986=EDGE_LOOP('',(#434,#435,#436,#437,#438));
#987=EDGE_LOOP('',(#439,#440,#441,#442));
#988=EDGE_LOOP('',(#443,#444,#445,#446));
#989=EDGE_LOOP('',(#447,#448,#449,#450,#451,#452));
#990=EDGE_LOOP('',(#453,#454,#455,#456,#457,#458));
#991=EDGE_LOOP('',(#459,#460,#461,#462));
#992=EDGE_LOOP('',(#463,#464,#465,#466));
#993=EDGE_LOOP('',(#467,#468,#469,#470));
#994=EDGE_LOOP('',(#471,#472,#473,#474));
#995=EDGE_LOOP('',(#475,#476,#477,#478));
#996=EDGE_LOOP('',(#479,#480,#481,#482));
#997=EDGE_LOOP('',(#483,#484,#485,#486));
#998=EDGE_LOOP('',(#487,#488,#489,#490,#491,#492,#493,#494));
#999=EDGE_LOOP('',(#495,#496,#497,#498,#499,#500,#501,#502));
#1000=EDGE_LOOP('',(#503,#504,#505,#506));
#1001=EDGE_LOOP('',(#507,#508,#509,#510));
#1002=EDGE_LOOP('',(#511,#512,#513,#514));
#1003=EDGE_LOOP('',(#515,#516,#517,#518));
#1004=EDGE_LOOP('',(#519,#520,#521,#522));
#1005=EDGE_LOOP('',(#523,#524,#525,#526));
#1006=EDGE_LOOP('',(#527,#528,#529));
#1007=EDGE_LOOP('',(#530,#531,#532));
#1008=EDGE_LOOP('',(#533,#534,#535,#536));
#1009=EDGE_LOOP('',(#537,#538,#539,#540));
#1010=EDGE_LOOP('',(#541,#542,#543,#544));
#1011=EDGE_LOOP('',(#545,#546,#547,#548));
#1012=EDGE_LOOP('',(#549,#550,#551,#552,#553,#554));
#1013=EDGE_LOOP('',(#555,#556,#557,#558,#559,#560,#561,#562));
#1014=EDGE_LOOP('',(#563,#564,#565,#566,#567,#568,#569,#570));
#1015=EDGE_LOOP('',(#571,#572,#573,#574));
#1016=EDGE_LOOP('',(#575,#576,#577,#578,#579,#580,#581,#582));
#1017=EDGE_LOOP('',(#583,#584));
#1018=EDGE_LOOP('',(#585,#586,#587,#588,#589,#590));
#1019=EDGE_LOOP('',(#591,#592,#593,#594));
#1020=EDGE_LOOP('',(#595,#596,#597,#598));
#1021=EDGE_LOOP('',(#599,#600,#601,#602));
#1022=EDGE_LOOP('',(#603,#604,#605,#606));
#1023=EDGE_LOOP('',(#607,#608,#609,#610));
#1024=EDGE_LOOP('',(#611,#612,#613,#614));
#1025=EDGE_LOOP('',(#615,#616,#617,#618));
#1026=EDGE_LOOP('',(#619));
#1027=EDGE_LOOP('',(#620));
#1028=EDGE_LOOP('',(#621));
#1029=EDGE_LOOP('',(#622));
#1030=EDGE_LOOP('',(#623));
#1031=EDGE_LOOP('',(#624));
#1032=EDGE_LOOP('',(#625));
#1033=EDGE_LOOP('',(#626));
#1034=FACE_BOUND('',#944,.T.);
#1035=FACE_BOUND('',#945,.T.);
#1036=FACE_BOUND('',#946,.T.);
#1037=FACE_BOUND('',#947,.T.);
#1038=FACE_BOUND('',#948,.T.);
#1039=FACE_BOUND('',#949,.T.);
#1040=FACE_BOUND('',#950,.T.);
#1041=FACE_BOUND('',#951,.T.);
#1042=FACE_BOUND('',#952,.T.);
#1043=FACE_BOUND('',#953,.T.);
#1044=FACE_BOUND('',#954,.T.);
#1045=FACE_BOUND('',#955,.T.);
#1046=FACE_BOUND('',#956,.T.);
#1047=FACE_BOUND('',#957,.T.);
#1048=FACE_BOUND('',#958,.T.);
#1049=FACE_BOUND('',#959,.T.);
#1050=FACE_BOUND('',#960,.T.);
#1051=FACE_BOUND('',#961,.T.);
#1052=FACE_BOUND('',#962,.T.);
#1053=FACE_BOUND('',#963,.T.);
#1054=FACE_BOUND('',#964,.T.);
#1055=FACE_BOUND('',#965,.T.);
#1056=FACE_BOUND('',#966,.T.);
#1057=FACE_BOUND('',#967,.T.);
#1058=FACE_BOUND('',#968,.T.);
#1059=FACE_BOUND('',#969,.T.);
#1060=FACE_BOUND('',#970,.T.);
#1061=FACE_BOUND('',#971,.T.);
#1062=FACE_BOUND('',#972,.T.);
#1063=FACE_BOUND('',#973,.T.);
#1064=FACE_BOUND('',#974,.T.);
#1065=FACE_BOUND('',#975,.T.);
#1066=FACE_BOUND('',#976,.T.);
#1067=FACE_BOUND('',#977,.T.);
#1068=FACE_BOUND('',#978,.T.);
#1069=FACE_BOUND('',#979,.T.);
#1070=FACE_BOUND('',#980,.T.);
#1071=FACE_BOUND('',#981,.T.);
#1072=FACE_BOUND('',#982,.T.);
#1073=FACE_BOUND('',#983,.T.);
#1074=FACE_BOUND('',#984,.T.);
#1075=FACE_BOUND('',#985,.T.);
#1076=FACE_BOUND('',#986,.T.);
#1077=FACE_BOUND('',#987,.T.);
#1078=FACE_BOUND('',#988,.T.);
#1079=FACE_BOUND('',#989,.T.);
#1080=FACE_BOUND('',#990,.T.);
#1081=FACE_BOUND('',#991,.T.);
#1082=FACE_BOUND('',#992,.T.);
#1083=FACE_BOUND('',#993,.T.);
#1084=FACE_BOUND('',#994,.T.);
#1085=FACE_BOUND('',#995,.T.);
#1086=FACE_BOUND('',#996,.T.);
#1087=FACE_BOUND('',#997,.T.);
#1088=FACE_BOUND('',#998,.T.);
#1089=FACE_BOUND('',#999,.T.);
#1090=FACE_BOUND('',#1000,.T.);
#1091=FACE_BOUND('',#1001,.T.);
#1092=FACE_BOUND('',#1002,.T.);
#1093=FACE_BOUND('',#1003,.T.);
#1094=FACE_BOUND('',#1004,.T.);
#1095=FACE_BOUND('',#1005,.T.);
#1096=FACE_BOUND('',#1006,.T.);
#1097=FACE_BOUND('',#1007,.T.);
#1098=FACE_BOUND('',#1008,.T.);
#1099=FACE_BOUND('',#1009,.T.);
#1100=FACE_BOUND('',#1010,.T.);
#1101=FACE_BOUND('',#1011,.T.);
#1102=FACE_BOUND('',#1012,.T.);
#1103=FACE_BOUND('',#1013,.T.);
#1104=FACE_BOUND('',#1014,.T.);
#1105=FACE_BOUND('',#1015,.T.);
#1106=FACE_BOUND('',#1016,.T.);
#1107=FACE_BOUND('',#1017,.T.);
#1108=FACE_BOUND('',#1018,.T.);
#1109=FACE_BOUND('',#1019,.T.);
#1110=FACE_BOUND('',#1020,.T.);
#1111=FACE_BOUND('',#1021,.T.);
#1112=FACE_BOUND('',#1022,.T.);
#1113=FACE_BOUND('',#1023,.T.);
#1114=FACE_BOUND('',#1024,.T.);
#1115=FACE_BOUND('',#1025,.T.);
#1116=FACE_BOUND('',#1026,.T.);
#1117=FACE_BOUND('',#1027,.T.);
#1118=FACE_BOUND('',#1028,.T.);
#1119=FACE_BOUND('',#1029,.T.);
#1120=FACE_BOUND('',#1030,.T.);
#1121=FACE_BOUND('',#1031,.T.);
#1122=FACE_BOUND('',#1032,.T.);
#1123=FACE_BOUND('',#1033,.T.);
#1124=CYLINDRICAL_SURFACE('',#1335,0.06);
#1125=CYLINDRICAL_SURFACE('',#1345,0.06);
#1126=CYLINDRICAL_SURFACE('',#1351,0.053);
#1127=CYLINDRICAL_SURFACE('',#1365,0.053);
#1128=CYLINDRICAL_SURFACE('',#1375,0.06);
#1129=CYLINDRICAL_SURFACE('',#1377,0.025);
#1130=CYLINDRICAL_SURFACE('',#1378,0.025);
#1131=CYLINDRICAL_SURFACE('',#1382,0.01);
#1132=CYLINDRICAL_SURFACE('',#1385,0.0245);
#1133=CYLINDRICAL_SURFACE('',#1394,0.059827073722077);
#1134=CYLINDRICAL_SURFACE('',#1399,0.053);
#1135=CYLINDRICAL_SURFACE('',#1410,0.06);
#1136=CYLINDRICAL_SURFACE('',#1426,0.04);
#1137=CYLINDRICAL_SURFACE('',#1427,0.04);
#1138=CYLINDRICAL_SURFACE('',#1428,0.04);
#1139=CYLINDRICAL_SURFACE('',#1429,0.04);
#1140=CYLINDRICAL_SURFACE('',#1430,0.04);
#1141=CYLINDRICAL_SURFACE('',#1431,0.04);
#1142=CYLINDRICAL_SURFACE('',#1439,0.03);
#1143=CYLINDRICAL_SURFACE('',#1446,0.015);
#1144=CYLINDRICAL_SURFACE('',#1451,0.06);
#1145=CYLINDRICAL_SURFACE('',#1452,0.06);
#1146=CYLINDRICAL_SURFACE('',#1459,0.06);
#1147=CYLINDRICAL_SURFACE('',#1463,0.06);
#1148=CYLINDRICAL_SURFACE('',#1470,0.06);
#1149=ADVANCED_FACE('',(#1034,#1035),#1124,.T.);
#1150=ADVANCED_FACE('',(#1036),#268,.F.);
#1151=ADVANCED_FACE('',(#1037),#269,.T.);
#1152=ADVANCED_FACE('',(#1038,#1039),#261,.T.);
#1153=ADVANCED_FACE('',(#1040,#1041),#262,.T.);
#1154=ADVANCED_FACE('',(#1042,#1043),#1125,.T.);
#1155=ADVANCED_FACE('',(#1044),#270,.T.);
#1156=ADVANCED_FACE('',(#1045),#271,.F.);
#1157=ADVANCED_FACE('',(#1046,#1047),#1126,.T.);
#1158=ADVANCED_FACE('',(#1048),#272,.T.);
#1159=ADVANCED_FACE('',(#1049),#273,.F.);
#1160=ADVANCED_FACE('',(#1050,#1051),#263,.T.);
#1161=ADVANCED_FACE('',(#1052,#1053),#264,.T.);
#1162=ADVANCED_FACE('',(#1054),#274,.T.);
#1163=ADVANCED_FACE('',(#1055),#275,.T.);
#1164=ADVANCED_FACE('',(#1056),#1127,.T.);
#1165=ADVANCED_FACE('',(#1057),#276,.F.);
#1166=ADVANCED_FACE('',(#1058),#277,.T.);
#1167=ADVANCED_FACE('',(#1059),#278,.F.);
#1168=ADVANCED_FACE('',(#1060),#279,.T.);
#1169=ADVANCED_FACE('',(#1061),#280,.T.);
#1170=ADVANCED_FACE('',(#1062),#1128,.T.);
#1171=ADVANCED_FACE('',(#1063),#281,.F.);
#1172=ADVANCED_FACE('',(#1064),#1129,.T.);
#1173=ADVANCED_FACE('',(#1065),#1130,.F.);
#1174=ADVANCED_FACE('',(#1066),#282,.F.);
#1175=ADVANCED_FACE('',(#1067),#1131,.F.);
#1176=ADVANCED_FACE('',(#1068),#1132,.T.);
#1177=ADVANCED_FACE('',(#1069),#283,.T.);
#1178=ADVANCED_FACE('',(#1070),#284,.T.);
#1179=ADVANCED_FACE('',(#1071),#285,.F.);
#1180=ADVANCED_FACE('',(#1072),#1133,.T.);
#1181=ADVANCED_FACE('',(#1073),#286,.F.);
#1182=ADVANCED_FACE('',(#1074),#287,.F.);
#1183=ADVANCED_FACE('',(#1075),#288,.T.);
#1184=ADVANCED_FACE('',(#1076),#289,.T.);
#1185=ADVANCED_FACE('',(#1077),#1134,.T.);
#1186=ADVANCED_FACE('',(#1078),#290,.F.);
#1187=ADVANCED_FACE('',(#1079),#291,.F.);
#1188=ADVANCED_FACE('',(#1080),#292,.T.);
#1189=ADVANCED_FACE('',(#1081),#1135,.T.);
#1190=ADVANCED_FACE('',(#1082),#293,.F.);
#1191=ADVANCED_FACE('',(#1083),#294,.F.);
#1192=ADVANCED_FACE('',(#1084),#295,.T.);
#1193=ADVANCED_FACE('',(#1085),#296,.T.);
#1194=ADVANCED_FACE('',(#1086),#297,.F.);
#1195=ADVANCED_FACE('',(#1087,#1088),#298,.F.);
#1196=ADVANCED_FACE('',(#1089),#299,.F.);
#1197=ADVANCED_FACE('',(#1090),#1136,.T.);
#1198=ADVANCED_FACE('',(#1091),#1137,.T.);
#1199=ADVANCED_FACE('',(#1092),#1138,.T.);
#1200=ADVANCED_FACE('',(#1093),#1139,.T.);
#1201=ADVANCED_FACE('',(#1094),#1140,.F.);
#1202=ADVANCED_FACE('',(#1095),#1141,.F.);
#1203=ADVANCED_FACE('',(#1096),#300,.T.);
#1204=ADVANCED_FACE('',(#1097),#301,.T.);
#1205=ADVANCED_FACE('',(#1098),#302,.T.);
#1206=ADVANCED_FACE('',(#1099),#1142,.T.);
#1207=ADVANCED_FACE('',(#1100),#303,.T.);
#1208=ADVANCED_FACE('',(#1101),#304,.T.);
#1209=ADVANCED_FACE('',(#1102),#1143,.F.);
#1210=ADVANCED_FACE('',(#1103),#305,.T.);
#1211=ADVANCED_FACE('',(#1104),#306,.F.);
#1212=ADVANCED_FACE('',(#1105),#1144,.T.);
#1213=ADVANCED_FACE('',(#1106),#1145,.T.);
#1214=ADVANCED_FACE('',(#1107),#307,.F.);
#1215=ADVANCED_FACE('',(#1108),#308,.F.);
#1216=ADVANCED_FACE('',(#1109),#265,.T.);
#1217=ADVANCED_FACE('',(#1110),#1146,.T.);
#1218=ADVANCED_FACE('',(#1111),#309,.F.);
#1219=ADVANCED_FACE('',(#1112),#1147,.T.);
#1220=ADVANCED_FACE('',(#1113),#310,.T.);
#1221=ADVANCED_FACE('',(#1114),#311,.T.);
#1222=ADVANCED_FACE('',(#1115),#312,.F.);
#1223=ADVANCED_FACE('',(#1116,#1117),#1148,.T.);
#1224=ADVANCED_FACE('',(#1118),#313,.F.);
#1225=ADVANCED_FACE('',(#1119),#314,.T.);
#1226=ADVANCED_FACE('',(#1120,#1121),#266,.T.);
#1227=ADVANCED_FACE('',(#1122,#1123),#267,.T.);
#1228=CLOSED_SHELL('',(#1149,#1150,#1151,#1152,#1153));
#1229=CLOSED_SHELL('',(#1154,#1155,#1156));
#1230=CLOSED_SHELL('',(#1157,#1158,#1159,#1160,#1161));
#1231=CLOSED_SHELL('',(#1162,#1163,#1164,#1165,#1166,#1167,#1168,#1169,
#1170,#1171,#1172,#1173));
#1232=CLOSED_SHELL('',(#1174,#1175,#1176,#1177,#1178,#1179,#1180,#1181,
#1182,#1183,#1184,#1185));
#1233=CLOSED_SHELL('',(#1186,#1187,#1188,#1189,#1190,#1191,#1192,#1193,
#1194,#1195,#1196,#1197,#1198,#1199,#1200,#1201,#1202));
#1234=CLOSED_SHELL('',(#1203,#1204,#1205,#1206,#1207,#1208,#1209,#1210,
#1211,#1212,#1213,#1214,#1215,#1216));
#1235=CLOSED_SHELL('',(#1217,#1218,#1219,#1220,#1221,#1222));
#1236=CLOSED_SHELL('',(#1223,#1224,#1225,#1226,#1227));
#1237=STYLED_ITEM('',(#1246),#1305);
#1238=STYLED_ITEM('',(#1247),#1306);
#1239=STYLED_ITEM('',(#1248),#1307);
#1240=STYLED_ITEM('',(#1249),#1308);
#1241=STYLED_ITEM('',(#1250),#1309);
#1242=STYLED_ITEM('',(#1251),#1310);
#1243=STYLED_ITEM('',(#1252),#1311);
#1244=STYLED_ITEM('',(#1253),#1312);
#1245=STYLED_ITEM('',(#1254),#1313);
#1246=PRESENTATION_STYLE_ASSIGNMENT((#1255));
#1247=PRESENTATION_STYLE_ASSIGNMENT((#1256));
#1248=PRESENTATION_STYLE_ASSIGNMENT((#1257));
#1249=PRESENTATION_STYLE_ASSIGNMENT((#1258));
#1250=PRESENTATION_STYLE_ASSIGNMENT((#1259));
#1251=PRESENTATION_STYLE_ASSIGNMENT((#1260));
#1252=PRESENTATION_STYLE_ASSIGNMENT((#1261));
#1253=PRESENTATION_STYLE_ASSIGNMENT((#1262));
#1254=PRESENTATION_STYLE_ASSIGNMENT((#1263));
#1255=SURFACE_STYLE_USAGE(.BOTH.,#1264);
#1256=SURFACE_STYLE_USAGE(.BOTH.,#1265);
#1257=SURFACE_STYLE_USAGE(.BOTH.,#1266);
#1258=SURFACE_STYLE_USAGE(.BOTH.,#1267);
#1259=SURFACE_STYLE_USAGE(.BOTH.,#1268);
#1260=SURFACE_STYLE_USAGE(.BOTH.,#1269);
#1261=SURFACE_STYLE_USAGE(.BOTH.,#1270);
#1262=SURFACE_STYLE_USAGE(.BOTH.,#1271);
#1263=SURFACE_STYLE_USAGE(.BOTH.,#1272);
#1264=SURFACE_SIDE_STYLE('',(#1273));
#1265=SURFACE_SIDE_STYLE('',(#1274));
#1266=SURFACE_SIDE_STYLE('',(#1275));
#1267=SURFACE_SIDE_STYLE('',(#1276));
#1268=SURFACE_SIDE_STYLE('',(#1277));
#1269=SURFACE_SIDE_STYLE('',(#1278));
#1270=SURFACE_SIDE_STYLE('',(#1279));
#1271=SURFACE_SIDE_STYLE('',(#1280));
#1272=SURFACE_SIDE_STYLE('',(#1281));
#1273=SURFACE_STYLE_FILL_AREA(#1282);
#1274=SURFACE_STYLE_FILL_AREA(#1283);
#1275=SURFACE_STYLE_FILL_AREA(#1284);
#1276=SURFACE_STYLE_FILL_AREA(#1285);
#1277=SURFACE_STYLE_FILL_AREA(#1286);
#1278=SURFACE_STYLE_FILL_AREA(#1287);
#1279=SURFACE_STYLE_FILL_AREA(#1288);
#1280=SURFACE_STYLE_FILL_AREA(#1289);
#1281=SURFACE_STYLE_FILL_AREA(#1290);
#1282=FILL_AREA_STYLE('',(#1291));
#1283=FILL_AREA_STYLE('',(#1292));
#1284=FILL_AREA_STYLE('',(#1293));
#1285=FILL_AREA_STYLE('',(#1294));
#1286=FILL_AREA_STYLE('',(#1295));
#1287=FILL_AREA_STYLE('',(#1296));
#1288=FILL_AREA_STYLE('',(#1297));
#1289=FILL_AREA_STYLE('',(#1298));
#1290=FILL_AREA_STYLE('',(#1299));
#1291=FILL_AREA_STYLE_COLOUR('',#1300);
#1292=FILL_AREA_STYLE_COLOUR('',#1301);
#1293=FILL_AREA_STYLE_COLOUR('',#206);
#1294=FILL_AREA_STYLE_COLOUR('',#1302);
#1295=FILL_AREA_STYLE_COLOUR('',#1302);
#1296=FILL_AREA_STYLE_COLOUR('',#1301);
#1297=FILL_AREA_STYLE_COLOUR('',#1303);
#1298=FILL_AREA_STYLE_COLOUR('',#1303);
#1299=FILL_AREA_STYLE_COLOUR('',#1304);
#1300=COLOUR_RGB('',0.498039215686275,0.498039215686275,0.498039215686275);
#1301=COLOUR_RGB('',0.231372549019608,0.380392156862745,0.705882352941177);
#1302=COLOUR_RGB('',0.647058823529412,0.647058823529412,0.647058823529412);
#1303=COLOUR_RGB('',0.615686274509804,0.811764705882353,0.929411764705882);
#1304=COLOUR_RGB('',0.980392156862745,0.713725490196078,0.00392156862745098);
#1305=MANIFOLD_SOLID_BREP('Part 25',#1228);
#1306=MANIFOLD_SOLID_BREP('Part 7',#1229);
#1307=MANIFOLD_SOLID_BREP('Part 4',#1230);
#1308=MANIFOLD_SOLID_BREP('Part 28',#1231);
#1309=MANIFOLD_SOLID_BREP('Part 6',#1232);
#1310=MANIFOLD_SOLID_BREP('Part 29',#1233);
#1311=MANIFOLD_SOLID_BREP('Part 5',#1234);
#1312=MANIFOLD_SOLID_BREP('Part 27',#1235);
#1313=MANIFOLD_SOLID_BREP('Part 26',#1236);
#1314=SHAPE_DEFINITION_REPRESENTATION(#2272,#1324);
#1315=SHAPE_DEFINITION_REPRESENTATION(#2273,#1325);
#1316=SHAPE_DEFINITION_REPRESENTATION(#2275,#1326);
#1317=SHAPE_DEFINITION_REPRESENTATION(#2277,#1327);
#1318=SHAPE_DEFINITION_REPRESENTATION(#2279,#1328);
#1319=SHAPE_DEFINITION_REPRESENTATION(#2281,#1329);
#1320=SHAPE_DEFINITION_REPRESENTATION(#2283,#1330);
#1321=SHAPE_DEFINITION_REPRESENTATION(#2285,#1331);
#1322=SHAPE_DEFINITION_REPRESENTATION(#2287,#1332);
#1323=SHAPE_DEFINITION_REPRESENTATION(#2289,#1333);
#1324=SHAPE_REPRESENTATION('Assembly 3',(#1334,#1344,#1350,#1360,#1379,
#1400,#1432,#1458,#1469,#1479),#2249);
#1325=SHAPE_REPRESENTATION('Part 25',(#1334),#2250);
#1326=SHAPE_REPRESENTATION('Part 7',(#1334),#2251);
#1327=SHAPE_REPRESENTATION('Part 4',(#1334),#2252);
#1328=SHAPE_REPRESENTATION('Part 28',(#1334),#2253);
#1329=SHAPE_REPRESENTATION('Part 6',(#1334),#2254);
#1330=SHAPE_REPRESENTATION('Part 29',(#1334),#2255);
#1331=SHAPE_REPRESENTATION('Part 5',(#1334),#2256);
#1332=SHAPE_REPRESENTATION('Part 27',(#1334),#2257);
#1333=SHAPE_REPRESENTATION('Part 26',(#1334),#2258);
#1334=AXIS2_PLACEMENT_3D('',#1867,#1480,#1481);
#1335=AXIS2_PLACEMENT_3D('',#1868,#1482,#1483);
#1336=AXIS2_PLACEMENT_3D('',#1869,#1484,#1485);
#1337=AXIS2_PLACEMENT_3D('',#1871,#1486,#1487);
#1338=AXIS2_PLACEMENT_3D('',#1873,#1488,#1489);
#1339=AXIS2_PLACEMENT_3D('',#1874,#1490,#1491);
#1340=AXIS2_PLACEMENT_3D('',#1876,#1492,#1493);
#1341=AXIS2_PLACEMENT_3D('',#1877,#1494,#1495);
#1342=AXIS2_PLACEMENT_3D('',#1879,#1496,#1497);
#1343=AXIS2_PLACEMENT_3D('',#1880,#1498,#1499);
#1344=AXIS2_PLACEMENT_3D('',#1881,#1500,#1501);
#1345=AXIS2_PLACEMENT_3D('',#1882,#1502,#1503);
#1346=AXIS2_PLACEMENT_3D('',#1883,#1504,#1505);
#1347=AXIS2_PLACEMENT_3D('',#1885,#1506,#1507);
#1348=AXIS2_PLACEMENT_3D('',#1887,#1508,#1509);
#1349=AXIS2_PLACEMENT_3D('',#1888,#1510,#1511);
#1350=AXIS2_PLACEMENT_3D('',#1889,#1512,#1513);
#1351=AXIS2_PLACEMENT_3D('',#1890,#1514,#1515);
#1352=AXIS2_PLACEMENT_3D('',#1891,#1516,#1517);
#1353=AXIS2_PLACEMENT_3D('',#1893,#1518,#1519);
#1354=AXIS2_PLACEMENT_3D('',#1895,#1520,#1521);
#1355=AXIS2_PLACEMENT_3D('',#1896,#1522,#1523);
#1356=AXIS2_PLACEMENT_3D('',#1898,#1524,#1525);
#1357=AXIS2_PLACEMENT_3D('',#1899,#1526,#1527);
#1358=AXIS2_PLACEMENT_3D('',#1901,#1528,#1529);
#1359=AXIS2_PLACEMENT_3D('',#1902,#1530,#1531);
#1360=AXIS2_PLACEMENT_3D('',#1903,#1532,#1533);
#1361=AXIS2_PLACEMENT_3D('',#1904,#1534,#1535);
#1362=AXIS2_PLACEMENT_3D('',#1910,#1538,#1539);
#1363=AXIS2_PLACEMENT_3D('',#1917,#1543,#1544);
#1364=AXIS2_PLACEMENT_3D('',#1924,#1548,#1549);
#1365=AXIS2_PLACEMENT_3D('',#1925,#1550,#1551);
#1366=AXIS2_PLACEMENT_3D('',#1926,#1552,#1553);
#1367=AXIS2_PLACEMENT_3D('',#1944,#1555,#1556);
#1368=AXIS2_PLACEMENT_3D('',#1963,#1559,#1560);
#1369=AXIS2_PLACEMENT_3D('',#1967,#1563,#1564);
#1370=AXIS2_PLACEMENT_3D('',#1968,#1565,#1566);
#1371=AXIS2_PLACEMENT_3D('',#1970,#1568,#1569);
#1372=AXIS2_PLACEMENT_3D('',#1972,#1571,#1572);
#1373=AXIS2_PLACEMENT_3D('',#1976,#1575,#1576);
#1374=AXIS2_PLACEMENT_3D('',#1979,#1578,#1579);
#1375=AXIS2_PLACEMENT_3D('',#1981,#1581,#1582);
#1376=AXIS2_PLACEMENT_3D('',#1983,#1584,#1585);
#1377=AXIS2_PLACEMENT_3D('',#1984,#1586,#1587);
#1378=AXIS2_PLACEMENT_3D('',#1985,#1588,#1589);
#1379=AXIS2_PLACEMENT_3D('',#1986,#1590,#1591);
#1380=AXIS2_PLACEMENT_3D('',#1987,#1592,#1593);
#1381=AXIS2_PLACEMENT_3D('',#1988,#1594,#1595);
#1382=AXIS2_PLACEMENT_3D('',#1996,#1599,#1600);
#1383=AXIS2_PLACEMENT_3D('',#1997,#1601,#1602);
#1384=AXIS2_PLACEMENT_3D('',#2002,#1604,#1605);
#1385=AXIS2_PLACEMENT_3D('',#2005,#1607,#1608);
#1386=AXIS2_PLACEMENT_3D('',#2009,#1610,#1611);
#1387=AXIS2_PLACEMENT_3D('',#2010,#1612,#1613);
#1388=AXIS2_PLACEMENT_3D('',#2011,#1614,#1615);
#1389=AXIS2_PLACEMENT_3D('',#2014,#1617,#1618);
#1390=AXIS2_PLACEMENT_3D('',#2017,#1620,#1621);
#1391=AXIS2_PLACEMENT_3D('',#2020,#1623,#1624);
#1392=AXIS2_PLACEMENT_3D('',#2023,#1626,#1627);
#1393=AXIS2_PLACEMENT_3D('',#2024,#1628,#1629);
#1394=AXIS2_PLACEMENT_3D('',#2029,#1632,#1633);
#1395=AXIS2_PLACEMENT_3D('',#2032,#1636,#1637);
#1396=AXIS2_PLACEMENT_3D('',#2035,#1640,#1641);
#1397=AXIS2_PLACEMENT_3D('',#2036,#1642,#1643);
#1398=AXIS2_PLACEMENT_3D('',#2038,#1645,#1646);
#1399=AXIS2_PLACEMENT_3D('',#2040,#1648,#1649);
#1400=AXIS2_PLACEMENT_3D('',#2041,#1650,#1651);
#1401=AXIS2_PLACEMENT_3D('',#2042,#1652,#1653);
#1402=AXIS2_PLACEMENT_3D('',#2051,#1658,#1659);
#1403=AXIS2_PLACEMENT_3D('',#2055,#1661,#1662);
#1404=AXIS2_PLACEMENT_3D('',#2056,#1663,#1664);
#1405=AXIS2_PLACEMENT_3D('',#2060,#1666,#1667);
#1406=AXIS2_PLACEMENT_3D('',#2061,#1668,#1669);
#1407=AXIS2_PLACEMENT_3D('',#2065,#1671,#1672);
#1408=AXIS2_PLACEMENT_3D('',#2066,#1673,#1674);
#1409=AXIS2_PLACEMENT_3D('',#2070,#1676,#1677);
#1410=AXIS2_PLACEMENT_3D('',#2071,#1678,#1679);
#1411=AXIS2_PLACEMENT_3D('',#2073,#1681,#1682);
#1412=AXIS2_PLACEMENT_3D('',#2075,#1684,#1685);
#1413=AXIS2_PLACEMENT_3D('',#2084,#1690,#1691);
#1414=AXIS2_PLACEMENT_3D('',#2093,#1696,#1697);
#1415=AXIS2_PLACEMENT_3D('',#2102,#1702,#1703);
#1416=AXIS2_PLACEMENT_3D('',#2111,#1708,#1709);
#1417=AXIS2_PLACEMENT_3D('',#2114,#1712,#1713);
#1418=AXIS2_PLACEMENT_3D('',#2115,#1714,#1715);
#1419=AXIS2_PLACEMENT_3D('',#2116,#1716,#1717);
#1420=AXIS2_PLACEMENT_3D('',#2117,#1718,#1719);
#1421=AXIS2_PLACEMENT_3D('',#2118,#1720,#1721);
#1422=AXIS2_PLACEMENT_3D('',#2119,#1722,#1723);
#1423=AXIS2_PLACEMENT_3D('',#2120,#1724,#1725);
#1424=AXIS2_PLACEMENT_3D('',#2121,#1726,#1727);
#1425=AXIS2_PLACEMENT_3D('',#2122,#1728,#1729);
#1426=AXIS2_PLACEMENT_3D('',#2123,#1730,#1731);
#1427=AXIS2_PLACEMENT_3D('',#2124,#1732,#1733);
#1428=AXIS2_PLACEMENT_3D('',#2125,#1734,#1735);
#1429=AXIS2_PLACEMENT_3D('',#2126,#1736,#1737);
#1430=AXIS2_PLACEMENT_3D('',#2127,#1738,#1739);
#1431=AXIS2_PLACEMENT_3D('',#2128,#1740,#1741);
#1432=AXIS2_PLACEMENT_3D('',#2129,#1742,#1743);
#1433=AXIS2_PLACEMENT_3D('',#2130,#1744,#1745);
#1434=AXIS2_PLACEMENT_3D('',#2134,#1747,#1748);
#1435=AXIS2_PLACEMENT_3D('',#2137,#1750,#1751);
#1436=AXIS2_PLACEMENT_3D('',#2141,#1753,#1754);
#1437=AXIS2_PLACEMENT_3D('',#2144,#1756,#1757);
#1438=AXIS2_PLACEMENT_3D('',#2148,#1759,#1760);
#1439=AXIS2_PLACEMENT_3D('',#2153,#1763,#1764);
#1440=AXIS2_PLACEMENT_3D('',#2154,#1765,#1766);
#1441=AXIS2_PLACEMENT_3D('',#2158,#1768,#1769);
#1442=AXIS2_PLACEMENT_3D('',#2159,#1770,#1771);
#1443=AXIS2_PLACEMENT_3D('',#2162,#1773,#1774);
#1444=AXIS2_PLACEMENT_3D('',#2165,#1776,#1777);
#1445=AXIS2_PLACEMENT_3D('',#2166,#1778,#1779);
#1446=AXIS2_PLACEMENT_3D('',#2174,#1783,#1784);
#1447=AXIS2_PLACEMENT_3D('',#2175,#1785,#1786);
#1448=AXIS2_PLACEMENT_3D('',#2177,#1788,#1789);
#1449=AXIS2_PLACEMENT_3D('',#2178,#1790,#1791);
#1450=AXIS2_PLACEMENT_3D('',#2181,#1794,#1795);
#1451=AXIS2_PLACEMENT_3D('',#2184,#1798,#1799);
#1452=AXIS2_PLACEMENT_3D('',#2185,#1800,#1801);
#1453=AXIS2_PLACEMENT_3D('',#2188,#1803,#1804);
#1454=AXIS2_PLACEMENT_3D('',#2191,#1806,#1807);
#1455=AXIS2_PLACEMENT_3D('',#2195,#1809,#1810);
#1456=AXIS2_PLACEMENT_3D('',#2196,#1811,#1812);
#1457=AXIS2_PLACEMENT_3D('',#2205,#1813,#1814);
#1458=AXIS2_PLACEMENT_3D('',#2206,#1815,#1816);
#1459=AXIS2_PLACEMENT_3D('',#2207,#1817,#1818);
#1460=AXIS2_PLACEMENT_3D('',#2208,#1819,#1820);
#1461=AXIS2_PLACEMENT_3D('',#2213,#1822,#1823);
#1462=AXIS2_PLACEMENT_3D('',#2216,#1825,#1826);
#1463=AXIS2_PLACEMENT_3D('',#2222,#1830,#1831);
#1464=AXIS2_PLACEMENT_3D('',#2223,#1832,#1833);
#1465=AXIS2_PLACEMENT_3D('',#2225,#1834,#1835);
#1466=AXIS2_PLACEMENT_3D('',#2228,#1837,#1838);
#1467=AXIS2_PLACEMENT_3D('',#2231,#1841,#1842);
#1468=AXIS2_PLACEMENT_3D('',#2232,#1843,#1844);
#1469=AXIS2_PLACEMENT_3D('',#2233,#1845,#1846);
#1470=AXIS2_PLACEMENT_3D('',#2234,#1847,#1848);
#1471=AXIS2_PLACEMENT_3D('',#2235,#1849,#1850);
#1472=AXIS2_PLACEMENT_3D('',#2237,#1851,#1852);
#1473=AXIS2_PLACEMENT_3D('',#2239,#1853,#1854);
#1474=AXIS2_PLACEMENT_3D('',#2240,#1855,#1856);
#1475=AXIS2_PLACEMENT_3D('',#2242,#1857,#1858);
#1476=AXIS2_PLACEMENT_3D('',#2243,#1859,#1860);
#1477=AXIS2_PLACEMENT_3D('',#2245,#1861,#1862);
#1478=AXIS2_PLACEMENT_3D('',#2246,#1863,#1864);
#1479=AXIS2_PLACEMENT_3D('',#2247,#1865,#1866);
#1480=DIRECTION('',(0.,0.,1.));
#1481=DIRECTION('',(1.,0.,0.));
#1482=DIRECTION('',(1.,0.,0.));
#1483=DIRECTION('',(0.,0.,1.));
#1484=DIRECTION('',(-1.,0.,0.));
#1485=DIRECTION('',(0.,0.,1.));
#1486=DIRECTION('',(-1.,0.,0.));
#1487=DIRECTION('',(0.,0.,1.));
#1488=DIRECTION('',(1.,0.,0.));
#1489=DIRECTION('',(0.,-1.,0.));
#1490=DIRECTION('',(-1.,0.,0.));
#1491=DIRECTION('',(0.,0.,1.));
#1492=DIRECTION('',(1.,0.,0.));
#1493=DIRECTION('',(0.,-1.,0.));
#1494=DIRECTION('',(-1.,0.,0.));
#1495=DIRECTION('',(0.,0.,1.));
#1496=DIRECTION('',(1.,0.,0.));
#1497=DIRECTION('',(0.,0.,1.));
#1498=DIRECTION('',(-1.,0.,0.));
#1499=DIRECTION('',(0.,0.,-1.));
#1500=DIRECTION('',(9.65017904063345E-18,3.54178622008955E-16,1.));
#1501=DIRECTION('',(-0.999791314648807,0.0204285866571745,2.41279651780271E-18));
#1502=DIRECTION('',(0.,1.,0.));
#1503=DIRECTION('',(0.,0.,1.));
#1504=DIRECTION('',(0.,-1.,0.));
#1505=DIRECTION('',(0.,0.,-1.));
#1506=DIRECTION('',(0.,-1.,0.));
#1507=DIRECTION('',(0.,0.,-1.));
#1508=DIRECTION('',(0.,-1.,0.));
#1509=DIRECTION('',(1.,0.,0.));
#1510=DIRECTION('',(0.,-1.,0.));
#1511=DIRECTION('',(1.,0.,0.));
#1512=DIRECTION('',(0.,0.,1.));
#1513=DIRECTION('',(-0.999791314648807,0.0204285866571744,0.));
#1514=DIRECTION('',(0.,0.,-1.));
#1515=DIRECTION('',(-1.,0.,0.));
#1516=DIRECTION('',(0.,0.,1.));
#1517=DIRECTION('',(1.,0.,0.));
#1518=DIRECTION('',(0.,0.,1.));
#1519=DIRECTION('',(1.,0.,0.));
#1520=DIRECTION('',(0.,0.,1.));
#1521=DIRECTION('',(1.,0.,0.));
#1522=DIRECTION('',(0.,0.,1.));
#1523=DIRECTION('',(1.,0.,0.));
#1524=DIRECTION('',(0.,0.,1.));
#1525=DIRECTION('',(1.,0.,0.));
#1526=DIRECTION('',(0.,0.,1.));
#1527=DIRECTION('',(1.,0.,0.));
#1528=DIRECTION('',(0.,0.,-1.));
#1529=DIRECTION('',(-1.,0.,0.));
#1530=DIRECTION('',(0.,0.,1.));
#1531=DIRECTION('',(1.,0.,0.));
#1532=DIRECTION('',(2.41279651780269E-18,1.18084184823762E-16,1.));
#1533=DIRECTION('',(-0.999791314648807,0.0204285866571744,0.));
#1534=DIRECTION('',(1.,0.,0.));
#1535=DIRECTION('',(0.,0.,1.));
#1536=DIRECTION('',(0.,0.,1.));
#1537=DIRECTION('',(0.,-0.0250594427453066,-0.999685962854983));
#1538=DIRECTION('',(-1.,0.,0.));
#1539=DIRECTION('',(0.,0.,1.));
#1540=DIRECTION('',(0.,0.0250594427453066,-0.999685962854983));
#1541=DIRECTION('',(0.,0.,1.));
#1542=DIRECTION('',(0.,-1.,0.));
#1543=DIRECTION('',(0.,1.,0.));
#1544=DIRECTION('',(0.,0.,1.));
#1545=DIRECTION('',(1.,0.,0.));
#1546=DIRECTION('',(0.,0.,1.));
#1547=DIRECTION('',(1.,0.,0.));
#1548=DIRECTION('',(0.,-1.,0.));
#1549=DIRECTION('',(0.,0.,1.));
#1550=DIRECTION('',(0.,0.,1.));
#1551=DIRECTION('',(-1.,0.,0.));
#1552=DIRECTION('',(0.,0.,1.));
#1553=DIRECTION('',(1.,0.,0.));
#1554=DIRECTION('',(0.,0.,1.));
#1555=DIRECTION('',(0.,0.,1.));
#1556=DIRECTION('',(1.,0.,0.));
#1557=DIRECTION('',(0.,0.,1.));
#1558=DIRECTION('',(0.,0.,1.));
#1559=DIRECTION('',(0.,1.,0.));
#1560=DIRECTION('',(0.,0.,1.));
#1561=DIRECTION('',(1.,0.,0.));
#1562=DIRECTION('',(1.,0.,0.));
#1563=DIRECTION('',(0.,-1.,0.));
#1564=DIRECTION('',(0.,0.,1.));
#1565=DIRECTION('',(0.,0.,-1.));
#1566=DIRECTION('',(-1.,0.,0.));
#1567=DIRECTION('',(0.,-1.,0.));
#1568=DIRECTION('',(0.,0.,-1.));
#1569=DIRECTION('',(-1.,0.,0.));
#1570=DIRECTION('',(0.,-1.,0.));
#1571=DIRECTION('',(-1.,0.,0.));
#1572=DIRECTION('',(0.,1.,0.));
#1573=DIRECTION('',(0.,-1.,0.));
#1574=DIRECTION('',(0.,0.0250594427453066,-0.999685962854983));
#1575=DIRECTION('',(1.,0.,0.));
#1576=DIRECTION('',(0.,0.,-1.));
#1577=DIRECTION('',(0.,-0.0250594427453066,-0.999685962854983));
#1578=DIRECTION('',(0.,0.999685962854983,0.0250594427453066));
#1579=DIRECTION('',(0.,-0.0250594427453066,0.999685962854983));
#1580=DIRECTION('',(1.,0.,0.));
#1581=DIRECTION('',(1.,0.,0.));
#1582=DIRECTION('',(0.,0.,1.));
#1583=DIRECTION('',(1.,0.,0.));
#1584=DIRECTION('',(0.,0.999685962854983,-0.0250594427453066));
#1585=DIRECTION('',(0.,0.0250594427453066,0.999685962854983));
#1586=DIRECTION('',(0.,1.,0.));
#1587=DIRECTION('',(0.,0.,1.));
#1588=DIRECTION('',(0.,1.,0.));
#1589=DIRECTION('',(0.,0.,1.));
#1590=DIRECTION('',(9.65017904063345E-18,3.54178622008955E-16,1.));
#1591=DIRECTION('',(-0.999791314648807,0.0204285866571745,2.41279651780271E-18));
#1592=DIRECTION('',(0.,0.,1.));
#1593=DIRECTION('',(1.,0.,0.));
#1594=DIRECTION('',(0.,0.,1.));
#1595=DIRECTION('',(1.,0.,0.));
#1596=DIRECTION('',(0.,1.,-1.08845394571094E-16));
#1597=DIRECTION('',(1.,0.,0.));
#1598=DIRECTION('',(0.,1.,-1.08845394571094E-16));
#1599=DIRECTION('',(1.,0.,0.));
#1600=DIRECTION('',(0.,0.,-1.));
#1601=DIRECTION('',(-0.994467499339853,1.14336337664241E-17,0.105044717890715));
#1602=DIRECTION('',(0.105044717890715,1.08243207353775E-16,0.994467499339853));
#1603=DIRECTION('',(1.,0.,0.));
#1604=DIRECTION('',(-0.994460690915533,-1.14406473242187E-17,-0.105109153853506));
#1605=DIRECTION('',(0.105109153853506,-1.08242466288144E-16,-0.994460690915533));
#1606=DIRECTION('',(1.,0.,0.));
#1607=DIRECTION('',(1.,0.,0.));
#1608=DIRECTION('',(0.,0.,-1.));
#1609=DIRECTION('',(1.,0.,0.));
#1610=DIRECTION('',(-1.,0.,0.));
#1611=DIRECTION('',(0.,0.,1.));
#1612=DIRECTION('',(-1.,0.,0.));
#1613=DIRECTION('',(0.,0.,1.));
#1614=DIRECTION('',(0.,0.,1.));
#1615=DIRECTION('',(1.,0.,0.));
#1616=DIRECTION('',(0.,1.,-1.08845394571094E-16));
#1617=DIRECTION('',(0.,0.,1.));
#1618=DIRECTION('',(1.,0.,0.));
#1619=DIRECTION('',(0.,1.,-1.08845394571094E-16));
#1620=DIRECTION('',(0.,-1.,1.18108832406932E-16));
#1621=DIRECTION('',(0.,-1.18108832406932E-16,-1.));
#1622=DIRECTION('',(-0.105044717890715,-1.17455395213671E-16,-0.994467499339853));
#1623=DIRECTION('',(0.,-1.,1.18108832406932E-16));
#1624=DIRECTION('',(0.,-1.18108832406932E-16,-1.));
#1625=DIRECTION('',(0.105109153853506,-1.17454591078624E-16,-0.994460690915533));
#1626=DIRECTION('',(0.,-1.,1.08845394571094E-16));
#1627=DIRECTION('',(0.,-1.08845394571094E-16,-1.));
#1628=DIRECTION('',(0.,-1.,1.08845394571094E-16));
#1629=DIRECTION('',(0.,-1.08845394571094E-16,-1.));
#1630=DIRECTION('',(-0.105044717890715,-1.08243207353775E-16,-0.994467499339853));
#1631=DIRECTION('',(0.105109153853506,-1.08242466288144E-16,-0.994460690915533));
#1632=DIRECTION('',(0.,1.,-1.08845394571094E-16));
#1633=DIRECTION('',(0.,1.08845394571094E-16,1.));
#1634=DIRECTION('',(0.,1.,-1.08845394571094E-16));
#1635=DIRECTION('',(0.,1.,-1.08845394571094E-16));
#1636=DIRECTION('',(-1.,0.,0.));
#1637=DIRECTION('',(0.,0.,1.));
#1638=DIRECTION('',(0.,0.,1.));
#1639=DIRECTION('',(0.,1.,-1.08845394571094E-16));
#1640=DIRECTION('',(-0.994467499339853,1.14336337664241E-17,0.105044717890715));
#1641=DIRECTION('',(0.105044717890715,0.,0.994467499339853));
#1642=DIRECTION('',(-0.994460690915533,-1.14406473242187E-17,-0.105109153853506));
#1643=DIRECTION('',(-0.105109153853506,0.,0.994460690915533));
#1644=DIRECTION('',(0.,1.,-1.08845394571094E-16));
#1645=DIRECTION('',(-1.,0.,0.));
#1646=DIRECTION('',(0.,0.,1.));
#1647=DIRECTION('',(0.,0.,1.));
#1648=DIRECTION('',(0.,0.,1.));
#1649=DIRECTION('',(1.,0.,0.));
#1650=DIRECTION('',(2.41279651780269E-18,1.18084184823762E-16,1.));
#1651=DIRECTION('',(-0.999791314648807,0.0204285866571744,0.));
#1652=DIRECTION('',(-5.5435138037875E-32,1.,-1.19835680165091E-16));
#1653=DIRECTION('',(0.,1.19835680165091E-16,1.));
#1654=DIRECTION('',(-4.62592926927148E-16,-1.19835680165091E-16,-1.));
#1655=DIRECTION('',(1.,0.,-4.62592926927148E-16));
#1656=DIRECTION('',(-4.62592926927148E-16,-1.19835680165091E-16,-1.));
#1657=DIRECTION('',(1.,0.,-4.62592926927148E-16));
#1658=DIRECTION('',(1.,0.,-4.62592926927148E-16));
#1659=DIRECTION('',(0.,-1.,0.));
#1660=DIRECTION('',(0.,1.,0.));
#1661=DIRECTION('',(-1.,0.,4.62592926927148E-16));
#1662=DIRECTION('',(4.62592926927148E-16,0.,1.));
#1663=DIRECTION('',(-1.,0.,4.62592926927148E-16));
#1664=DIRECTION('',(4.62592926927148E-16,0.,1.));
#1665=DIRECTION('',(4.62592914710367E-16,0.000229823215002032,0.999999973590645));
#1666=DIRECTION('',(-1.,0.,4.62592926927148E-16));
#1667=DIRECTION('',(4.62592926927148E-16,0.,1.));
#1668=DIRECTION('',(1.,0.,-4.62592926927148E-16));
#1669=DIRECTION('',(0.,-1.,0.));
#1670=DIRECTION('',(4.62592914710367E-16,0.000229823215002032,0.999999973590645));
#1671=DIRECTION('',(-1.,0.,4.62592926927148E-16));
#1672=DIRECTION('',(4.62592926927148E-16,0.,1.));
#1673=DIRECTION('',(-1.,0.,4.62592926927148E-16));
#1674=DIRECTION('',(4.62592926927148E-16,0.,1.));
#1675=DIRECTION('',(0.,1.,0.));
#1676=DIRECTION('',(-1.,0.,4.62592926927148E-16));
#1677=DIRECTION('',(4.62592926927148E-16,0.,1.));
#1678=DIRECTION('',(1.,0.,-4.62592926927148E-16));
#1679=DIRECTION('',(4.62592926927148E-16,0.,1.));
#1680=DIRECTION('',(1.,0.,-4.62592926927148E-16));
#1681=DIRECTION('',(1.06314593703597E-19,-0.999999973590645,0.000229823215002032));
#1682=DIRECTION('',(0.,-0.000229823215002032,-0.999999973590645));
#1683=DIRECTION('',(1.,-1.41180499064503E-36,-4.62592926927148E-16));
#1684=DIRECTION('',(0.,-1.,0.));
#1685=DIRECTION('',(0.,0.,-1.));
#1686=DIRECTION('',(1.,0.,-4.62592926927148E-16));
#1687=DIRECTION('',(-4.62592926927148E-16,0.,-1.));
#1688=DIRECTION('',(1.,0.,-4.62592926927148E-16));
#1689=DIRECTION('',(-4.62592926927148E-16,0.,-1.));
#1690=DIRECTION('',(-1.,-1.11022302462516E-16,4.62592926927148E-16));
#1691=DIRECTION('',(-4.62592926927148E-16,0.,-1.));
#1692=DIRECTION('',(1.11022302462516E-16,-1.,-5.13581318503263E-32));
#1693=DIRECTION('',(-4.62592926927148E-16,0.,-1.));
#1694=DIRECTION('',(1.11022302462516E-16,-1.,-5.13581318503263E-32));
#1695=DIRECTION('',(-4.62592926927148E-16,0.,-1.));
#1696=DIRECTION('',(0.,-1.,0.));
#1697=DIRECTION('',(0.,0.,-1.));
#1698=DIRECTION('',(1.,0.,-4.62592926927148E-16));
#1699=DIRECTION('',(-4.62592926927148E-16,0.,-1.));
#1700=DIRECTION('',(1.,0.,-4.62592926927148E-16));
#1701=DIRECTION('',(-4.62592926927148E-16,0.,-1.));
#1702=DIRECTION('',(-1.,0.,4.62592926927148E-16));
#1703=DIRECTION('',(-4.62592926927148E-16,0.,-1.));
#1704=DIRECTION('',(0.,-1.,0.));
#1705=DIRECTION('',(-4.62592926927148E-16,0.,-1.));
#1706=DIRECTION('',(0.,-1.,0.));
#1707=DIRECTION('',(-4.62592926927148E-16,0.,-1.));
#1708=DIRECTION('',(-4.62592926927148E-16,0.,-1.));
#1709=DIRECTION('',(-1.,0.,4.62592926927148E-16));
#1710=DIRECTION('',(1.,0.,-4.62592926927148E-16));
#1711=DIRECTION('',(1.,0.,-4.62592926927148E-16));
#1712=DIRECTION('',(4.62592926927148E-16,0.,1.));
#1713=DIRECTION('',(1.,0.,-4.62592926927148E-16));
#1714=DIRECTION('',(4.62592926927148E-16,0.,1.));
#1715=DIRECTION('',(1.,0.,-4.62592926927148E-16));
#1716=DIRECTION('',(4.62592926927148E-16,0.,1.));
#1717=DIRECTION('',(1.,0.,-4.62592926927148E-16));
#1718=DIRECTION('',(4.62592926927148E-16,0.,1.));
#1719=DIRECTION('',(1.,0.,-4.62592926927148E-16));
#1720=DIRECTION('',(4.62592926927148E-16,0.,1.));
#1721=DIRECTION('',(-1.,0.,4.62592926927148E-16));
#1722=DIRECTION('',(-4.62592926927148E-16,0.,-1.));
#1723=DIRECTION('',(-1.,0.,4.62592926927148E-16));
#1724=DIRECTION('',(-4.62592926927148E-16,0.,-1.));
#1725=DIRECTION('',(-1.,0.,4.62592926927148E-16));
#1726=DIRECTION('',(-4.62592926927148E-16,0.,-1.));
#1727=DIRECTION('',(-1.,0.,4.62592926927148E-16));
#1728=DIRECTION('',(-4.62592926927148E-16,0.,-1.));
#1729=DIRECTION('',(-1.,0.,4.62592926927148E-16));
#1730=DIRECTION('',(-4.62592926927148E-16,0.,-1.));
#1731=DIRECTION('',(1.,0.,-4.62592926927148E-16));
#1732=DIRECTION('',(4.62592926927148E-16,0.,1.));
#1733=DIRECTION('',(-1.,0.,4.62592926927148E-16));
#1734=DIRECTION('',(4.62592926927148E-16,0.,1.));
#1735=DIRECTION('',(-1.,0.,4.62592926927148E-16));
#1736=DIRECTION('',(-4.62592926927148E-16,0.,-1.));
#1737=DIRECTION('',(1.,0.,-4.62592926927148E-16));
#1738=DIRECTION('',(-1.,0.,4.62592926927148E-16));
#1739=DIRECTION('',(-4.62592926927148E-16,0.,-1.));
#1740=DIRECTION('',(-1.,0.,4.62592926927148E-16));
#1741=DIRECTION('',(-4.62592926927148E-16,0.,-1.));
#1742=DIRECTION('',(4.72143553604719E-16,3.44580897083198E-16,1.));
#1743=DIRECTION('',(-0.999791314648807,0.0204285866571745,4.65005723444951E-16));
#1744=DIRECTION('',(6.04977118203896E-17,1.,0.));
#1745=DIRECTION('',(-1.,6.04977118203896E-17,0.));
#1746=DIRECTION('',(0.,0.,1.));
#1747=DIRECTION('',(6.04977118203896E-17,1.,0.));
#1748=DIRECTION('',(-1.,6.04977118203896E-17,0.));
#1749=DIRECTION('',(-1.,6.04977118203896E-17,0.));
#1750=DIRECTION('',(6.04977118203896E-17,1.,0.));
#1751=DIRECTION('',(-1.,6.04977118203896E-17,0.));
#1752=DIRECTION('',(-1.,6.04977118203896E-17,0.));
#1753=DIRECTION('',(6.04977118203896E-17,1.,0.));
#1754=DIRECTION('',(-1.,6.04977118203896E-17,0.));
#1755=DIRECTION('',(0.,0.,1.));
#1756=DIRECTION('',(-2.31882354451083E-16,-1.,0.));
#1757=DIRECTION('',(1.,-2.31882354451083E-16,0.));
#1758=DIRECTION('',(1.,-2.31882354451083E-16,0.));
#1759=DIRECTION('',(-2.31882354451083E-16,-1.,0.));
#1760=DIRECTION('',(1.,-2.31882354451083E-16,0.));
#1761=DIRECTION('',(1.,-2.31882354451083E-16,0.));
#1762=DIRECTION('',(0.,0.,1.));
#1763=DIRECTION('',(0.,0.,1.));
#1764=DIRECTION('',(1.,0.,0.));
#1765=DIRECTION('',(0.,0.,-1.));
#1766=DIRECTION('',(-1.,0.,0.));
#1767=DIRECTION('',(0.,0.,1.));
#1768=DIRECTION('',(0.,0.,-1.));
#1769=DIRECTION('',(-1.,0.,0.));
#1770=DIRECTION('',(-1.,2.89512888271849E-16,0.));
#1771=DIRECTION('',(-2.89512888271849E-16,-1.,0.));
#1772=DIRECTION('',(-2.89512888271849E-16,-1.,0.));
#1773=DIRECTION('',(-1.,2.89512888271849E-16,0.));
#1774=DIRECTION('',(-2.89512888271849E-16,-1.,0.));
#1775=DIRECTION('',(-2.89512888271849E-16,-1.,0.));
#1776=DIRECTION('',(1.,0.,0.));
#1777=DIRECTION('',(0.,0.,-1.));
#1778=DIRECTION('',(1.,0.,0.));
#1779=DIRECTION('',(0.,0.,-1.));
#1780=DIRECTION('',(0.,1.,0.));
#1781=DIRECTION('',(0.,0.,1.));
#1782=DIRECTION('',(0.,1.,0.));
#1783=DIRECTION('',(0.,0.,1.));
#1784=DIRECTION('',(1.,0.,0.));
#1785=DIRECTION('',(0.,0.,-1.));
#1786=DIRECTION('',(-1.,0.,0.));
#1787=DIRECTION('',(0.,0.,1.));
#1788=DIRECTION('',(0.,0.,-1.));
#1789=DIRECTION('',(-1.,0.,0.));
#1790=DIRECTION('',(0.,0.,-1.));
#1791=DIRECTION('',(1.,0.,0.));
#1792=DIRECTION('',(-1.,0.,0.));
#1793=DIRECTION('',(0.,1.,0.));
#1794=DIRECTION('',(0.,0.,-1.));
#1795=DIRECTION('',(1.,0.,0.));
#1796=DIRECTION('',(-1.,0.,0.));
#1797=DIRECTION('',(0.,1.,0.));
#1798=DIRECTION('',(-1.,0.,0.));
#1799=DIRECTION('',(0.,0.,1.));
#1800=DIRECTION('',(0.,-1.,0.));
#1801=DIRECTION('',(0.,0.,-1.));
#1802=DIRECTION('',(-6.04977118203896E-17,-1.,0.));
#1803=DIRECTION('',(0.,-1.,0.));
#1804=DIRECTION('',(0.,0.,-1.));
#1805=DIRECTION('',(-6.04977118203896E-17,-1.,0.));
#1806=DIRECTION('',(0.,-1.,0.));
#1807=DIRECTION('',(1.,0.,0.));
#1808=DIRECTION('',(0.,0.,-1.));
#1809=DIRECTION('',(0.,-1.,0.));
#1810=DIRECTION('',(0.,0.,-1.));
#1811=DIRECTION('',(1.,-6.04977118203896E-17,0.));
#1812=DIRECTION('',(6.04977118203896E-17,1.,0.));
#1813=DIRECTION('',(0.,-1.,0.));
#1814=DIRECTION('',(0.,0.,-1.));
#1815=DIRECTION('',(0.,0.,1.));
#1816=DIRECTION('',(-0.999791314648807,0.0204285866571744,0.));
#1817=DIRECTION('',(-1.,0.,0.));
#1818=DIRECTION('',(0.,0.,-1.));
#1819=DIRECTION('',(-1.,0.,0.));
#1820=DIRECTION('',(0.,0.,1.));
#1821=DIRECTION('',(-1.,0.,0.));
#1822=DIRECTION('',(-1.,0.,0.));
#1823=DIRECTION('',(0.,0.,1.));
#1824=DIRECTION('',(-1.,0.,0.));
#1825=DIRECTION('',(0.,-0.999999999796368,-2.01807780747521E-5));
#1826=DIRECTION('',(0.,2.01807780747521E-5,-0.999999999796368));
#1827=DIRECTION('',(0.,2.01807780747521E-5,-0.999999999796368));
#1828=DIRECTION('',(0.,2.01807780747521E-5,-0.999999999796368));
#1829=DIRECTION('',(-1.,0.,0.));
#1830=DIRECTION('',(-1.,0.,0.));
#1831=DIRECTION('',(0.,0.,-1.));
#1832=DIRECTION('',(-1.,0.,0.));
#1833=DIRECTION('',(0.,0.,1.));
#1834=DIRECTION('',(-1.,0.,0.));
#1835=DIRECTION('',(0.,0.,1.));
#1836=DIRECTION('',(-1.,0.,0.));
#1837=DIRECTION('',(0.,-1.,0.));
#1838=DIRECTION('',(0.,0.,-1.));
#1839=DIRECTION('',(0.,0.,-1.));
#1840=DIRECTION('',(0.,0.,-1.));
#1841=DIRECTION('',(1.,0.,0.));
#1842=DIRECTION('',(0.,-1.,0.));
#1843=DIRECTION('',(1.,0.,0.));
#1844=DIRECTION('',(0.,-1.,0.));
#1845=DIRECTION('',(9.64716304498621E-18,3.54031016777926E-16,1.));
#1846=DIRECTION('',(-0.999791314648807,0.0204285866571745,2.41279651780272E-18));
#1847=DIRECTION('',(1.,0.,0.));
#1848=DIRECTION('',(0.,0.,1.));
#1849=DIRECTION('',(-1.,0.,0.));
#1850=DIRECTION('',(0.,0.,1.));
#1851=DIRECTION('',(-1.,0.,0.));
#1852=DIRECTION('',(0.,0.,1.));
#1853=DIRECTION('',(1.,0.,0.));
#1854=DIRECTION('',(0.,-1.,0.));
#1855=DIRECTION('',(-1.,0.,0.));
#1856=DIRECTION('',(0.,0.,1.));
#1857=DIRECTION('',(1.,0.,0.));
#1858=DIRECTION('',(0.,-1.,0.));
#1859=DIRECTION('',(-1.,0.,0.));
#1860=DIRECTION('',(0.,0.,1.));
#1861=DIRECTION('',(1.,0.,0.));
#1862=DIRECTION('',(0.,0.,1.));
#1863=DIRECTION('',(-1.,0.,0.));
#1864=DIRECTION('',(0.,0.,-1.));
#1865=DIRECTION('',(9.64716304498621E-18,3.54031016777926E-16,1.));
#1866=DIRECTION('',(-0.999791314648807,0.0204285866571745,2.41279651780272E-18));
#1867=CARTESIAN_POINT('',(0.,0.,0.));
#1868=CARTESIAN_POINT('',(0.206736543562869,0.,-0.583));
#1869=CARTESIAN_POINT('',(0.21173654356287,0.,-0.583));
#1870=CARTESIAN_POINT('',(0.21173654356287,0.,-0.523));
#1871=CARTESIAN_POINT('',(0.257736543562869,0.,-0.583));
#1872=CARTESIAN_POINT('',(0.257736543562869,0.,-0.523));
#1873=CARTESIAN_POINT('',(0.206736543562869,0.,-0.793));
#1874=CARTESIAN_POINT('',(0.206736543562869,0.,-0.583));
#1875=CARTESIAN_POINT('',(0.206736543562869,0.,-0.528));
#1876=CARTESIAN_POINT('',(0.262736543562869,0.,-0.793));
#1877=CARTESIAN_POINT('',(0.262736543562869,0.,-0.583));
#1878=CARTESIAN_POINT('',(0.262736543562869,0.,-0.528));
#1879=CARTESIAN_POINT('',(0.21173654356287,0.,-0.583));
#1880=CARTESIAN_POINT('',(0.262736543562869,0.,-0.583));
#1881=CARTESIAN_POINT('',(-0.0958776467814776,0.148139385884605,0.308290978951825));
#1882=CARTESIAN_POINT('',(0.16673654356287,-0.028,-0.12));
#1883=CARTESIAN_POINT('',(0.16673654356287,-0.028,-0.12));
#1884=CARTESIAN_POINT('',(0.16673654356287,-0.028,-0.18));
#1885=CARTESIAN_POINT('',(0.16673654356287,0.028,-0.12));
#1886=CARTESIAN_POINT('',(0.16673654356287,0.028,-0.18));
#1887=CARTESIAN_POINT('',(0.16673654356287,-0.028,-0.12));
#1888=CARTESIAN_POINT('',(0.16673654356287,0.028,-0.12));
#1889=CARTESIAN_POINT('',(-0.0958878610748062,0.14763949022728,0.308290978951825));
#1890=CARTESIAN_POINT('',(0.16673654356287,3.24531401774048E-18,-0.212));
#1891=CARTESIAN_POINT('',(0.16673654356287,3.24531401774048E-18,-0.217));
#1892=CARTESIAN_POINT('',(0.21973654356287,3.24531401774048E-18,-0.217));
#1893=CARTESIAN_POINT('',(0.16673654356287,3.24531401774048E-18,-0.263));
#1894=CARTESIAN_POINT('',(0.21973654356287,3.24531401774048E-18,-0.263));
#1895=CARTESIAN_POINT('',(0.16673654356287,0.,-0.212));
#1896=CARTESIAN_POINT('',(0.16673654356287,3.24531401774048E-18,-0.212));
#1897=CARTESIAN_POINT('',(0.21473654356287,3.24531401774048E-18,-0.212));
#1898=CARTESIAN_POINT('',(0.16673654356287,0.,-0.268));
#1899=CARTESIAN_POINT('',(0.16673654356287,3.24531401774048E-18,-0.268));
#1900=CARTESIAN_POINT('',(0.21473654356287,3.24531401774048E-18,-0.268));
#1901=CARTESIAN_POINT('',(0.16673654356287,3.24531401774048E-18,-0.212));
#1902=CARTESIAN_POINT('',(0.16673654356287,3.24531401774048E-18,-0.263));
#1903=CARTESIAN_POINT('',(-0.0958776467814776,0.148139385884605,0.308290978951825));
#1904=CARTESIAN_POINT('',(0.206736543562869,0.,-0.303));
#1905=CARTESIAN_POINT('',(0.206736543562869,-0.053,-0.303));
#1906=CARTESIAN_POINT('',(0.206736543562869,-0.053,-0.303));
#1907=CARTESIAN_POINT('',(0.206736543562869,-0.053,-0.293));
#1908=CARTESIAN_POINT('',(0.206736543562869,-0.0564905788856495,-0.442248216717641));
#1909=CARTESIAN_POINT('',(0.206736543562869,-0.0599811577712989,-0.581496433435282));
#1910=CARTESIAN_POINT('',(0.206736543562869,4.98732999343332E-18,-0.583));
#1911=CARTESIAN_POINT('',(0.206736543562869,0.0599811577712989,-0.581496433435282));
#1912=CARTESIAN_POINT('',(0.206736543562869,0.0564905788856495,-0.442248216717641));
#1913=CARTESIAN_POINT('',(0.206736543562869,0.053,-0.303));
#1914=CARTESIAN_POINT('',(0.206736543562869,0.053,-0.303));
#1915=CARTESIAN_POINT('',(0.206736543562869,0.053,-0.293));
#1916=CARTESIAN_POINT('',(0.206736543562869,0.053,-0.293));
#1917=CARTESIAN_POINT('',(0.186736543562869,0.053,-0.303));
#1918=CARTESIAN_POINT('',(0.186736543562869,0.053,-0.303));
#1919=CARTESIAN_POINT('',(0.16673654356287,0.053,-0.303));
#1920=CARTESIAN_POINT('',(0.16673654356287,0.053,-0.303));
#1921=CARTESIAN_POINT('',(0.16673654356287,0.053,-0.268));
#1922=CARTESIAN_POINT('',(0.186736543562869,0.053,-0.268));
#1923=CARTESIAN_POINT('',(0.181736543562869,0.053,-0.268));
#1924=CARTESIAN_POINT('',(0.181736543562869,0.053,-0.293));
#1925=CARTESIAN_POINT('',(0.16673654356287,0.,-0.303));
#1926=CARTESIAN_POINT('',(0.16673654356287,0.,-0.268));
#1927=CARTESIAN_POINT('',(0.16673654356287,-0.053,-0.268));
#1928=CARTESIAN_POINT('',(0.16673654356287,0.053,-0.303));
#1929=CARTESIAN_POINT('',(0.16673654356287,0.053,-0.328));
#1930=CARTESIAN_POINT('',(0.14173654356287,0.0467332857821917,-0.303));
#1931=CARTESIAN_POINT('',(0.143227417384101,0.0475308296506988,-0.303));
#1932=CARTESIAN_POINT('',(0.146230775266581,0.0489573650337483,-0.303259384362508));
#1933=CARTESIAN_POINT('',(0.150867624223067,0.0506427703143658,-0.304559983241304));
#1934=CARTESIAN_POINT('',(0.154484857159685,0.0515985479531232,-0.306383350490723));
#1935=CARTESIAN_POINT('',(0.157215698261065,0.0521507539605158,-0.308314882289987));
#1936=CARTESIAN_POINT('',(0.159097437670761,0.0524569451720502,-0.309954233967354));
#1937=CARTESIAN_POINT('',(0.160805997356346,0.0526756897816286,-0.311768110263878));
#1938=CARTESIAN_POINT('',(0.162864426918105,0.0528742343725509,-0.314451031537629));
#1939=CARTESIAN_POINT('',(0.164882615001089,0.0529793690035792,-0.318112602110359));
#1940=CARTESIAN_POINT('',(0.166400118720427,0.0530017662286379,-0.322977685718732));
#1941=CARTESIAN_POINT('',(0.16673654356287,0.053,-0.326307719052254));
#1942=CARTESIAN_POINT('',(0.16673654356287,0.053,-0.328));
#1943=CARTESIAN_POINT('',(0.14173654356287,0.0467332857821917,-0.303));
#1944=CARTESIAN_POINT('',(0.16673654356287,0.,-0.303));
#1945=CARTESIAN_POINT('',(0.14173654356287,-0.0467332857821917,-0.303));
#1946=CARTESIAN_POINT('',(0.16673654356287,-0.053,-0.328));
#1947=CARTESIAN_POINT('',(0.16673654356287,-0.053,-0.32630769050124));
#1948=CARTESIAN_POINT('',(0.166401998243981,-0.0530017881837984,-0.322990059658044));
#1949=CARTESIAN_POINT('',(0.164887387743033,-0.0529794001698081,-0.318124991028045));
#1950=CARTESIAN_POINT('',(0.162474109280217,-0.0528543568900374,-0.313737241443977));
#1951=CARTESIAN_POINT('',(0.159728622368791,-0.0525596975960187,-0.310503138287969));
#1952=CARTESIAN_POINT('',(0.157238659424959,-0.0521545233278655,-0.308334680288543));
#1953=CARTESIAN_POINT('',(0.155204364166448,-0.0517451861575104,-0.306888354003857));
#1954=CARTESIAN_POINT('',(0.153052025355053,-0.0512193174018921,-0.305663081505876));
#1955=CARTESIAN_POINT('',(0.150112834952821,-0.0503680293190853,-0.304348746033747));
#1956=CARTESIAN_POINT('',(0.146248520024696,-0.0489652686719707,-0.3032618973449));
#1957=CARTESIAN_POINT('',(0.143228064137699,-0.0475311756319341,-0.303));
#1958=CARTESIAN_POINT('',(0.14173654356287,-0.0467332857821917,-0.303));
#1959=CARTESIAN_POINT('',(0.16673654356287,-0.053,-0.328));
#1960=CARTESIAN_POINT('',(0.16673654356287,-0.053,-0.328));
#1961=CARTESIAN_POINT('',(0.16673654356287,-0.053,-0.303));
#1962=CARTESIAN_POINT('',(0.16673654356287,-0.053,-0.303));
#1963=CARTESIAN_POINT('',(0.186736543562869,-0.053,-0.303));
#1964=CARTESIAN_POINT('',(0.186736543562869,-0.053,-0.268));
#1965=CARTESIAN_POINT('',(0.181736543562869,-0.053,-0.268));
#1966=CARTESIAN_POINT('',(0.186736543562869,-0.053,-0.303));
#1967=CARTESIAN_POINT('',(0.181736543562869,-0.053,-0.293));
#1968=CARTESIAN_POINT('',(0.164236543562869,0.,-0.303));
#1969=CARTESIAN_POINT('',(0.14173654356287,0.053,-0.303));
#1970=CARTESIAN_POINT('',(0.164236543562869,0.,-0.268));
#1971=CARTESIAN_POINT('',(0.181736543562869,-0.053,-0.268));
#1972=CARTESIAN_POINT('',(0.16673654356287,0.053,-0.303));
#1973=CARTESIAN_POINT('',(0.16673654356287,-0.053,-0.328));
#1974=CARTESIAN_POINT('',(0.16673654356287,0.0564905788856495,-0.442248216717641));
#1975=CARTESIAN_POINT('',(0.16673654356287,0.0599811577712989,-0.581496433435282));
#1976=CARTESIAN_POINT('',(0.16673654356287,4.98732999343332E-18,-0.583));
#1977=CARTESIAN_POINT('',(0.16673654356287,-0.0599811577712989,-0.581496433435282));
#1978=CARTESIAN_POINT('',(0.16673654356287,-0.0564905788856495,-0.442248216717641));
#1979=CARTESIAN_POINT('',(0.166734543562869,0.0564905788856495,-0.442248216717641));
#1980=CARTESIAN_POINT('',(0.166734543562869,0.0599811577712989,-0.581496433435282));
#1981=CARTESIAN_POINT('',(0.166734543562869,4.98732999343332E-18,-0.583));
#1982=CARTESIAN_POINT('',(0.166734543562869,-0.0599811577712989,-0.581496433435282));
#1983=CARTESIAN_POINT('',(0.166734543562869,-0.0564905788856495,-0.442248216717641));
#1984=CARTESIAN_POINT('',(0.181736543562869,0.,-0.293));
#1985=CARTESIAN_POINT('',(0.14173654356287,0.053,-0.328));
#1986=CARTESIAN_POINT('',(-0.0958776467814776,0.148139385884605,0.308290978951825));
#1987=CARTESIAN_POINT('',(0.10673654356287,-0.01225,-0.212));
#1988=CARTESIAN_POINT('',(0.16673654356287,-1.38777878078145E-17,-0.212));
#1989=CARTESIAN_POINT('',(0.21973654356287,-1.38777878078145E-17,-0.212));
#1990=CARTESIAN_POINT('',(0.11373654356287,-1.38777878078145E-17,-0.212));
#1991=CARTESIAN_POINT('',(0.11373654356287,-0.097,-0.212));
#1992=CARTESIAN_POINT('',(0.11373654356287,0.0285,-0.212));
#1993=CARTESIAN_POINT('',(0.10673654356287,0.0285,-0.212));
#1994=CARTESIAN_POINT('',(0.21973654356287,0.0285,-0.212));
#1995=CARTESIAN_POINT('',(0.21973654356287,-0.097,-0.212));
#1996=CARTESIAN_POINT('',(0.10673654356287,0.0185,-0.1775));
#1997=CARTESIAN_POINT('',(0.220792834673041,0.0185,-0.1775));
#1998=CARTESIAN_POINT('',(0.220792834673041,0.0285,-0.1775));
#1999=CARTESIAN_POINT('',(0.21973654356287,0.0185,-0.1875));
#2000=CARTESIAN_POINT('',(0.10673654356287,0.0285,-0.1775));
#2001=CARTESIAN_POINT('',(0.112679597272145,0.0285,-0.1775));
#2002=CARTESIAN_POINT('',(0.112679597272145,0.0185,-0.1775));
#2003=CARTESIAN_POINT('',(0.11373654356287,0.0185,-0.1875));
#2004=CARTESIAN_POINT('',(0.10673654356287,0.0185,-0.1875));
#2005=CARTESIAN_POINT('',(0.10673654356287,0.0285,-0.1875));
#2006=CARTESIAN_POINT('',(0.10673654356287,0.053,-0.1875));
#2007=CARTESIAN_POINT('',(0.11373654356287,0.053,-0.1875));
#2008=CARTESIAN_POINT('',(0.21973654356287,0.053,-0.1875));
#2009=CARTESIAN_POINT('',(0.21973654356287,0.0285,-0.1875));
#2010=CARTESIAN_POINT('',(0.11373654356287,0.0285,-0.1875));
#2011=CARTESIAN_POINT('',(0.10673654356287,-0.01725,-0.1875));
#2012=CARTESIAN_POINT('',(0.11373654356287,-0.097,-0.1875));
#2013=CARTESIAN_POINT('',(0.11373654356287,-1.38777878078145E-17,-0.1875));
#2014=CARTESIAN_POINT('',(0.16673654356287,-1.38777878078145E-17,-0.1875));
#2015=CARTESIAN_POINT('',(0.21973654356287,-1.38777878078145E-17,-0.1875));
#2016=CARTESIAN_POINT('',(0.21973654356287,-0.097,-0.1875));
#2017=CARTESIAN_POINT('',(0.10673654356287,0.0285,-0.11875));
#2018=CARTESIAN_POINT('',(0.225671526788334,0.0285,-0.131312996546945));
#2019=CARTESIAN_POINT('',(0.226401268737302,0.0285,-0.124404465916116));
#2020=CARTESIAN_POINT('',(0.16673654356287,0.0285,-0.12));
#2021=CARTESIAN_POINT('',(0.107081897727089,0.0285,-0.124538940444027));
#2022=CARTESIAN_POINT('',(0.106472982152117,0.0285,-0.118777857025547));
#2023=CARTESIAN_POINT('',(0.10673654356287,0.053,-0.12375));
#2024=CARTESIAN_POINT('',(0.16673654356287,0.053,-0.12));
#2025=CARTESIAN_POINT('',(0.226401268737302,0.053,-0.124404465916116));
#2026=CARTESIAN_POINT('',(0.107081897727089,0.053,-0.124538940444027));
#2027=CARTESIAN_POINT('',(0.225149208998735,0.053,-0.136257824583161));
#2028=CARTESIAN_POINT('',(0.106995616760931,0.053,-0.123722617354428));
#2029=CARTESIAN_POINT('',(0.16673654356287,-0.097,-0.12));
#2030=CARTESIAN_POINT('',(0.226401268737302,-0.097,-0.124404465916116));
#2031=CARTESIAN_POINT('',(0.107081897727089,-0.097,-0.124538940444027));
#2032=CARTESIAN_POINT('',(0.21973654356287,-0.097,-0.19975));
#2033=CARTESIAN_POINT('',(0.21973654356287,-1.38777878078145E-17,-0.19975));
#2034=CARTESIAN_POINT('',(0.21973654356287,-0.097,-0.1875));
#2035=CARTESIAN_POINT('',(0.223068906150086,-0.097,-0.155952232958058));
#2036=CARTESIAN_POINT('',(0.110409220644979,-0.097,-0.156019470222014));
#2037=CARTESIAN_POINT('',(0.11373654356287,-0.097,-0.1875));
#2038=CARTESIAN_POINT('',(0.11373654356287,-0.097,-0.19975));
#2039=CARTESIAN_POINT('',(0.11373654356287,-1.38777878078145E-17,-0.1875));
#2040=CARTESIAN_POINT('',(0.16673654356287,-1.38777878078145E-17,-0.19975));
#2041=CARTESIAN_POINT('',(-0.0958776467814776,0.148139385884605,0.308290978951825));
#2042=CARTESIAN_POINT('',(0.171736543562869,-0.0599595728298914,-1.09205729392643));
#2043=CARTESIAN_POINT('',(0.206736543562869,-0.0599595728298914,-1.09205729392643));
#2044=CARTESIAN_POINT('',(0.206736543562869,-0.0599595728298913,-1.00520218665352));
#2045=CARTESIAN_POINT('',(0.206736543562869,-0.0599595728298914,-1.11391240119934));
#2046=CARTESIAN_POINT('',(0.171736543562869,-0.0599595728298913,-1.00520218665352));
#2047=CARTESIAN_POINT('',(0.171736543562869,-0.0599595728298913,-1.00520218665352));
#2048=CARTESIAN_POINT('',(0.171736543562869,-0.0599595728298914,-1.09205729392643));
#2049=CARTESIAN_POINT('',(0.171736543562869,-0.0599595728298914,-1.11391240119934));
#2050=CARTESIAN_POINT('',(0.171736543562869,-0.0599595728298914,-1.11391240119934));
#2051=CARTESIAN_POINT('',(0.171736543562869,0.,-1.06095620059967));
#2052=CARTESIAN_POINT('',(0.171736543562869,0.,-1.15391240119934));
#2053=CARTESIAN_POINT('',(0.171736543562869,-0.0999595728298913,-1.15391240119934));
#2054=CARTESIAN_POINT('',(0.171736543562869,0.0999745123956353,-1.15391240119934));
#2055=CARTESIAN_POINT('',(0.171736543562869,-0.0999595728298913,-1.11391240119934));
#2056=CARTESIAN_POINT('',(0.171736543562869,-4.75964753721137E-17,-1.003));
#2057=CARTESIAN_POINT('',(0.171736543562869,0.0599999984154387,-1.0030137893929));
#2058=CARTESIAN_POINT('',(0.171736543562869,0.0599797856226651,-1.09096309529612));
#2059=CARTESIAN_POINT('',(0.171736543562869,0.0599745134520095,-1.11390320827074));
#2060=CARTESIAN_POINT('',(0.171736543562869,0.0999745123956353,-1.11391240119934));
#2061=CARTESIAN_POINT('',(0.206736543562869,0.,-1.06095620059967));
#2062=CARTESIAN_POINT('',(0.206736543562869,0.0599797856226651,-1.09096309529612));
#2063=CARTESIAN_POINT('',(0.206736543562869,0.0599745134520095,-1.11390320827074));
#2064=CARTESIAN_POINT('',(0.206736543562869,0.0599999984154387,-1.0030137893929));
#2065=CARTESIAN_POINT('',(0.206736543562869,-4.75964753721137E-17,-1.003));
#2066=CARTESIAN_POINT('',(0.206736543562869,-0.0999595728298913,-1.11391240119934));
#2067=CARTESIAN_POINT('',(0.206736543562869,-0.0999595728298913,-1.15391240119934));
#2068=CARTESIAN_POINT('',(0.206736543562869,0.,-1.15391240119934));
#2069=CARTESIAN_POINT('',(0.206736543562869,0.0999745123956353,-1.15391240119934));
#2070=CARTESIAN_POINT('',(0.206736543562869,0.0999745123956353,-1.11391240119934));
#2071=CARTESIAN_POINT('',(0.171736543562869,-4.75964753721137E-17,-1.003));
#2072=CARTESIAN_POINT('',(0.171736543562869,0.0599999984154387,-1.0030137893929));
#2073=CARTESIAN_POINT('',(0.171736543562869,0.0599797856226651,-1.09096309529612));
#2074=CARTESIAN_POINT('',(0.206736543562869,0.0599745134520095,-1.11390320827074));
#2075=CARTESIAN_POINT('',(0.186736543562869,0.125,-1.15391240119934));
#2076=CARTESIAN_POINT('',(0.186736543562869,0.125,-1.17891240119934));
#2077=CARTESIAN_POINT('',(0.164236543562869,0.125,-1.17891240119934));
#2078=CARTESIAN_POINT('',(0.209236543562869,0.125,-1.17891240119934));
#2079=CARTESIAN_POINT('',(0.164236543562869,0.125,-1.17891240119934));
#2080=CARTESIAN_POINT('',(0.164236543562869,0.125,-1.15391240119934));
#2081=CARTESIAN_POINT('',(0.186736543562869,0.125,-1.15391240119934));
#2082=CARTESIAN_POINT('',(0.209236543562869,0.125,-1.15391240119934));
#2083=CARTESIAN_POINT('',(0.209236543562869,0.125,-1.15391240119934));
#2084=CARTESIAN_POINT('',(0.12423654356287,0.,-1.15391240119934));
#2085=CARTESIAN_POINT('',(0.12423654356287,0.,-1.17891240119934));
#2086=CARTESIAN_POINT('',(0.12423654356287,0.085,-1.17891240119934));
#2087=CARTESIAN_POINT('',(0.12423654356287,-0.085,-1.17891240119934));
#2088=CARTESIAN_POINT('',(0.12423654356287,-0.085,-1.15391240119934));
#2089=CARTESIAN_POINT('',(0.12423654356287,-0.085,-1.15391240119934));
#2090=CARTESIAN_POINT('',(0.12423654356287,0.,-1.15391240119934));
#2091=CARTESIAN_POINT('',(0.12423654356287,0.085,-1.15391240119934));
#2092=CARTESIAN_POINT('',(0.12423654356287,0.085,-1.15391240119934));
#2093=CARTESIAN_POINT('',(0.186736543562869,-0.125,-1.15391240119934));
#2094=CARTESIAN_POINT('',(0.186736543562869,-0.125,-1.15391240119934));
#2095=CARTESIAN_POINT('',(0.164236543562869,-0.125,-1.15391240119934));
#2096=CARTESIAN_POINT('',(0.209236543562869,-0.125,-1.15391240119934));
#2097=CARTESIAN_POINT('',(0.164236543562869,-0.125,-1.15391240119934));
#2098=CARTESIAN_POINT('',(0.164236543562869,-0.125,-1.17891240119934));
#2099=CARTESIAN_POINT('',(0.186736543562869,-0.125,-1.17891240119934));
#2100=CARTESIAN_POINT('',(0.209236543562869,-0.125,-1.17891240119934));
#2101=CARTESIAN_POINT('',(0.209236543562869,-0.125,-1.17891240119934));
#2102=CARTESIAN_POINT('',(0.24923654356287,0.,-1.15391240119934));
#2103=CARTESIAN_POINT('',(0.24923654356287,0.,-1.15391240119934));
#2104=CARTESIAN_POINT('',(0.24923654356287,0.085,-1.15391240119934));
#2105=CARTESIAN_POINT('',(0.24923654356287,-0.085,-1.15391240119934));
#2106=CARTESIAN_POINT('',(0.24923654356287,-0.085,-1.15391240119934));
#2107=CARTESIAN_POINT('',(0.24923654356287,-0.085,-1.17891240119934));
#2108=CARTESIAN_POINT('',(0.24923654356287,0.,-1.17891240119934));
#2109=CARTESIAN_POINT('',(0.24923654356287,0.085,-1.17891240119934));
#2110=CARTESIAN_POINT('',(0.24923654356287,0.085,-1.15391240119934));
#2111=CARTESIAN_POINT('',(0.186736543562869,0.,-1.15391240119934));
#2112=CARTESIAN_POINT('',(0.206736543562869,-0.0999595728298913,-1.15391240119934));
#2113=CARTESIAN_POINT('',(0.171736543562869,0.0999745123956353,-1.15391240119934));
#2114=CARTESIAN_POINT('',(0.164236543562869,0.085,-1.15391240119934));
#2115=CARTESIAN_POINT('',(0.164236543562869,-0.085,-1.15391240119934));
#2116=CARTESIAN_POINT('',(0.209236543562869,-0.085,-1.15391240119934));
#2117=CARTESIAN_POINT('',(0.209236543562869,0.085,-1.15391240119934));
#2118=CARTESIAN_POINT('',(0.171736543562869,0.,-1.17891240119934));
#2119=CARTESIAN_POINT('',(0.209236543562869,-0.085,-1.17891240119934));
#2120=CARTESIAN_POINT('',(0.164236543562869,-0.085,-1.17891240119934));
#2121=CARTESIAN_POINT('',(0.164236543562869,0.085,-1.17891240119934));
#2122=CARTESIAN_POINT('',(0.209236543562869,0.085,-1.17891240119934));
#2123=CARTESIAN_POINT('',(0.209236543562869,0.085,-1.15391240119934));
#2124=CARTESIAN_POINT('',(0.164236543562869,0.085,-1.15391240119934));
#2125=CARTESIAN_POINT('',(0.209236543562869,-0.085,-1.15391240119934));
#2126=CARTESIAN_POINT('',(0.164236543562869,-0.085,-1.15391240119934));
#2127=CARTESIAN_POINT('',(0.171736543562869,0.0999745123956353,-1.11391240119934));
#2128=CARTESIAN_POINT('',(0.186736543562869,-0.0999595728298913,-1.11391240119934));
#2129=CARTESIAN_POINT('',(-0.0958776467814797,0.148139385884483,0.308290978951826));
#2130=CARTESIAN_POINT('',(0.16938814396961,-0.0458699137068013,-0.18));
#2131=CARTESIAN_POINT('',(0.112039744376349,-0.0458699137068013,-0.18));
#2132=CARTESIAN_POINT('',(0.112039744376349,-0.0458699137068013,-0.18));
#2133=CARTESIAN_POINT('',(0.112039744376349,-0.0458699137068013,-0.144662930862925));
#2134=CARTESIAN_POINT('',(0.16673654356287,-0.0458699137068013,-0.12));
#2135=CARTESIAN_POINT('',(0.16673654356287,-0.0458699137068013,-0.18));
#2136=CARTESIAN_POINT('',(0.16938814396961,-0.0458699137068013,-0.18));
#2137=CARTESIAN_POINT('',(0.16938814396961,-0.0458699137068013,-0.18));
#2138=CARTESIAN_POINT('',(0.16938814396961,-0.0458699137068013,-0.06));
#2139=CARTESIAN_POINT('',(0.16673654356287,-0.0458699137068013,-0.06));
#2140=CARTESIAN_POINT('',(0.112039744376349,-0.0458699137068013,-0.06));
#2141=CARTESIAN_POINT('',(0.16673654356287,-0.0458699137068013,-0.12));
#2142=CARTESIAN_POINT('',(0.112039744376349,-0.0458699137068013,-0.0953370691370748));
#2143=CARTESIAN_POINT('',(0.112039744376349,-0.0458699137068013,-0.18));
#2144=CARTESIAN_POINT('',(0.16688814396961,-0.0658699137068013,-0.18));
#2145=CARTESIAN_POINT('',(0.16688814396961,-0.0658699137068013,-0.18));
#2146=CARTESIAN_POINT('',(0.107039744376349,-0.0658699137068013,-0.18));
#2147=CARTESIAN_POINT('',(0.16673654356287,-0.0658699137068013,-0.18));
#2148=CARTESIAN_POINT('',(0.16673654356287,-0.0658699137068013,-0.12));
#2149=CARTESIAN_POINT('',(0.16673654356287,-0.0658699137068013,-0.06));
#2150=CARTESIAN_POINT('',(0.16688814396961,-0.0658699137068013,-0.06));
#2151=CARTESIAN_POINT('',(0.107039744376349,-0.0658699137068013,-0.06));
#2152=CARTESIAN_POINT('',(0.107039744376349,-0.0658699137068013,-0.18));
#2153=CARTESIAN_POINT('',(0.107039744376349,-0.0358699137068013,-0.18));
#2154=CARTESIAN_POINT('',(0.107039744376349,-0.0358699137068013,-0.06));
#2155=CARTESIAN_POINT('',(0.0770397443763491,-0.0358699137068013,-0.06));
#2156=CARTESIAN_POINT('',(0.0770397443763491,-0.0358699137068013,-0.18));
#2157=CARTESIAN_POINT('',(0.0770397443763491,-0.0358699137068013,-0.18));
#2158=CARTESIAN_POINT('',(0.107039744376349,-0.0358699137068013,-0.18));
#2159=CARTESIAN_POINT('',(0.0770397443763491,0.0120650431465993,-0.18));
#2160=CARTESIAN_POINT('',(0.0770397443763491,0.0120650431465993,-0.06));
#2161=CARTESIAN_POINT('',(0.0770397443763491,1.38777878078145E-17,-0.06));
#2162=CARTESIAN_POINT('',(0.0770397443763491,1.38777878078145E-17,-0.12));
#2163=CARTESIAN_POINT('',(0.0770397443763491,1.38777878078145E-17,-0.18));
#2164=CARTESIAN_POINT('',(0.0770397443763491,0.0120650431465993,-0.18));
#2165=CARTESIAN_POINT('',(0.0970397443763491,0.0145650431465993,-0.18));
#2166=CARTESIAN_POINT('',(0.0970397443763491,1.38777878078145E-17,-0.12));
#2167=CARTESIAN_POINT('',(0.0970397443763491,1.38777878078145E-17,-0.18));
#2168=CARTESIAN_POINT('',(0.0970397443763491,1.38777878078145E-17,-0.06));
#2169=CARTESIAN_POINT('',(0.0970397443763491,0.0145650431465993,-0.06));
#2170=CARTESIAN_POINT('',(0.0970397443763491,-0.0308699137068014,-0.06));
#2171=CARTESIAN_POINT('',(0.0970397443763491,-0.0308699137068014,-0.18));
#2172=CARTESIAN_POINT('',(0.0970397443763491,-0.0308699137068014,-0.18));
#2173=CARTESIAN_POINT('',(0.0970397443763491,0.0145650431465993,-0.18));
#2174=CARTESIAN_POINT('',(0.112039744376349,-0.0308699137068014,-0.18));
#2175=CARTESIAN_POINT('',(0.112039744376349,-0.0308699137068014,-0.06));
#2176=CARTESIAN_POINT('',(0.112039744376349,-0.0458699137068013,-0.18));
#2177=CARTESIAN_POINT('',(0.112039744376349,-0.0308699137068014,-0.18));
#2178=CARTESIAN_POINT('',(0.149388143969609,-0.00293495685340067,-0.18));
#2179=CARTESIAN_POINT('',(0.149388143969609,1.38777878078145E-17,-0.18));
#2180=CARTESIAN_POINT('',(0.16673654356287,-0.00293495685340067,-0.18));
#2181=CARTESIAN_POINT('',(0.149388143969609,-0.00293495685340067,-0.06));
#2182=CARTESIAN_POINT('',(0.0770397443763491,1.38777878078145E-17,-0.06));
#2183=CARTESIAN_POINT('',(0.16673654356287,-0.0458699137068013,-0.06));
#2184=CARTESIAN_POINT('',(0.0870397443763491,1.38777878078145E-17,-0.12));
#2185=CARTESIAN_POINT('',(0.16673654356287,-0.00293495685340067,-0.12));
#2186=CARTESIAN_POINT('',(0.112039744376349,-0.027998,-0.144662930862925));
#2187=CARTESIAN_POINT('',(0.112039744376349,-0.033,-0.144662930862925));
#2188=CARTESIAN_POINT('',(0.16673654356287,-0.033,-0.12));
#2189=CARTESIAN_POINT('',(0.112039744376349,-0.033,-0.0953370691370748));
#2190=CARTESIAN_POINT('',(0.112039744376349,-0.027998,-0.0953370691370748));
#2191=CARTESIAN_POINT('',(0.16673654356287,-0.028,-0.12));
#2192=CARTESIAN_POINT('',(0.112039744376349,-0.028,-0.18));
#2193=CARTESIAN_POINT('',(0.112039744376349,-0.028,-0.114232837894646));
#2194=CARTESIAN_POINT('',(0.112039744376349,-0.028,-0.125767162105354));
#2195=CARTESIAN_POINT('',(0.16673654356287,-0.028,-0.12));
#2196=CARTESIAN_POINT('',(0.112039744376349,-0.027998,-0.18));
#2197=CARTESIAN_POINT('',(0.112039744376349,-0.033,-0.0953370691370748));
#2198=CARTESIAN_POINT('',(0.112039744376349,-0.0305014534472313,-0.101415535398823));
#2199=CARTESIAN_POINT('',(0.112039744376349,-0.0286876192451765,-0.107675183056126));
#2200=CARTESIAN_POINT('',(0.112039744376349,-0.028,-0.114232837894646));
#2201=CARTESIAN_POINT('',(0.112039744376349,-0.028,-0.125767162105354));
#2202=CARTESIAN_POINT('',(0.112039744376349,-0.0286876192451765,-0.132324816943874));
#2203=CARTESIAN_POINT('',(0.112039744376349,-0.0305014534472313,-0.138584464601177));
#2204=CARTESIAN_POINT('',(0.112039744376349,-0.033,-0.144662930862925));
#2205=CARTESIAN_POINT('',(0.16673654356287,-0.033,-0.12));
#2206=CARTESIAN_POINT('',(-0.0958878610748062,0.14763949022728,0.308290978951825));
#2207=CARTESIAN_POINT('',(0.297736543562869,-1.22010040959353E-13,-0.583));
#2208=CARTESIAN_POINT('',(0.262736543562869,-1.22010040959353E-13,-0.583));
#2209=CARTESIAN_POINT('',(0.262736543562869,-0.06,-0.583));
#2210=CARTESIAN_POINT('',(0.262736543562869,0.0599915037090067,-0.581990305624347));
#2211=CARTESIAN_POINT('',(0.297736543562869,-0.06,-0.583));
#2212=CARTESIAN_POINT('',(0.297736543562869,-0.06,-0.583));
#2213=CARTESIAN_POINT('',(0.297736543562869,-1.22010040959353E-13,-0.583));
#2214=CARTESIAN_POINT('',(0.297736543562869,0.0599915037090067,-0.581990305624347));
#2215=CARTESIAN_POINT('',(0.297736543562869,0.0599915037090067,-0.581990305624347));
#2216=CARTESIAN_POINT('',(0.297736543562869,0.0599957518483945,-0.792494547388831));
#2217=CARTESIAN_POINT('',(0.262736543562869,0.0599957518483945,-0.792494547388831));
#2218=CARTESIAN_POINT('',(0.262736543562869,0.0599999999877821,-1.00299878915332));
#2219=CARTESIAN_POINT('',(0.297736543562869,0.0599957518483945,-0.792494547388831));
#2220=CARTESIAN_POINT('',(0.297736543562869,0.0599999999877821,-1.00299878915332));
#2221=CARTESIAN_POINT('',(0.297736543562869,0.0599999999877821,-1.00299878915332));
#2222=CARTESIAN_POINT('',(0.297736543562869,7.66862337587865E-17,-1.003));
#2223=CARTESIAN_POINT('',(0.262736543562869,7.66862337587865E-17,-1.003));
#2224=CARTESIAN_POINT('',(0.262736543562869,-0.06,-1.003));
#2225=CARTESIAN_POINT('',(0.297736543562869,7.66862337587865E-17,-1.003));
#2226=CARTESIAN_POINT('',(0.297736543562869,-0.06,-1.003));
#2227=CARTESIAN_POINT('',(0.297736543562869,-0.06,-1.003));
#2228=CARTESIAN_POINT('',(0.297736543562869,-0.06,-0.793));
#2229=CARTESIAN_POINT('',(0.262736543562869,-0.06,-0.793));
#2230=CARTESIAN_POINT('',(0.297736543562869,-0.06,-0.793));
#2231=CARTESIAN_POINT('',(0.297736543562869,0.,-0.793));
#2232=CARTESIAN_POINT('',(0.262736543562869,0.,-0.793));
#2233=CARTESIAN_POINT('',(-0.0958776467814801,0.148139385884483,0.308290978951826));
#2234=CARTESIAN_POINT('',(0.206736543562869,0.,-1.003));
#2235=CARTESIAN_POINT('',(0.21173654356287,0.,-1.003));
#2236=CARTESIAN_POINT('',(0.21173654356287,0.,-0.943));
#2237=CARTESIAN_POINT('',(0.257736543562869,0.,-1.003));
#2238=CARTESIAN_POINT('',(0.257736543562869,0.,-0.943));
#2239=CARTESIAN_POINT('',(0.206736543562869,0.,-0.793));
#2240=CARTESIAN_POINT('',(0.206736543562869,0.,-1.003));
#2241=CARTESIAN_POINT('',(0.206736543562869,0.,-0.948));
#2242=CARTESIAN_POINT('',(0.262736543562869,0.,-0.793));
#2243=CARTESIAN_POINT('',(0.262736543562869,0.,-1.003));
#2244=CARTESIAN_POINT('',(0.262736543562869,0.,-0.948));
#2245=CARTESIAN_POINT('',(0.21173654356287,0.,-1.003));
#2246=CARTESIAN_POINT('',(0.262736543562869,0.,-1.003));
#2247=CARTESIAN_POINT('',(-0.0958776467814801,0.148139385884483,0.308290978951826));
#2248=MECHANICAL_DESIGN_GEOMETRIC_PRESENTATION_REPRESENTATION('',(#1237,
#1238,#1239,#1240,#1241,#1242,#1243,#1244,#1245),#2249);
#2249=(
GEOMETRIC_REPRESENTATION_CONTEXT(3)
GLOBAL_UNCERTAINTY_ASSIGNED_CONTEXT((#2259))
GLOBAL_UNIT_ASSIGNED_CONTEXT((#2271,#2270,#2269))
REPRESENTATION_CONTEXT('Assembly 3','TOP_LEVEL_ASSEMBLY_PART')
);
#2250=(
GEOMETRIC_REPRESENTATION_CONTEXT(3)
GLOBAL_UNCERTAINTY_ASSIGNED_CONTEXT((#2260))
GLOBAL_UNIT_ASSIGNED_CONTEXT((#2271,#2270,#2269))
REPRESENTATION_CONTEXT('Part 25','COMPONENT_PART')
);
#2251=(
GEOMETRIC_REPRESENTATION_CONTEXT(3)
GLOBAL_UNCERTAINTY_ASSIGNED_CONTEXT((#2261))
GLOBAL_UNIT_ASSIGNED_CONTEXT((#2271,#2270,#2269))
REPRESENTATION_CONTEXT('Part 7','COMPONENT_PART')
);
#2252=(
GEOMETRIC_REPRESENTATION_CONTEXT(3)
GLOBAL_UNCERTAINTY_ASSIGNED_CONTEXT((#2262))
GLOBAL_UNIT_ASSIGNED_CONTEXT((#2271,#2270,#2269))
REPRESENTATION_CONTEXT('Part 4','COMPONENT_PART')
);
#2253=(
GEOMETRIC_REPRESENTATION_CONTEXT(3)
GLOBAL_UNCERTAINTY_ASSIGNED_CONTEXT((#2263))
GLOBAL_UNIT_ASSIGNED_CONTEXT((#2271,#2270,#2269))
REPRESENTATION_CONTEXT('Part 28','COMPONENT_PART')
);
#2254=(
GEOMETRIC_REPRESENTATION_CONTEXT(3)
GLOBAL_UNCERTAINTY_ASSIGNED_CONTEXT((#2264))
GLOBAL_UNIT_ASSIGNED_CONTEXT((#2271,#2270,#2269))
REPRESENTATION_CONTEXT('Part 6','COMPONENT_PART')
);
#2255=(
GEOMETRIC_REPRESENTATION_CONTEXT(3)
GLOBAL_UNCERTAINTY_ASSIGNED_CONTEXT((#2265))
GLOBAL_UNIT_ASSIGNED_CONTEXT((#2271,#2270,#2269))
REPRESENTATION_CONTEXT('Part 29','COMPONENT_PART')
);
#2256=(
GEOMETRIC_REPRESENTATION_CONTEXT(3)
GLOBAL_UNCERTAINTY_ASSIGNED_CONTEXT((#2266))
GLOBAL_UNIT_ASSIGNED_CONTEXT((#2271,#2270,#2269))
REPRESENTATION_CONTEXT('Part 5','COMPONENT_PART')
);
#2257=(
GEOMETRIC_REPRESENTATION_CONTEXT(3)
GLOBAL_UNCERTAINTY_ASSIGNED_CONTEXT((#2267))
GLOBAL_UNIT_ASSIGNED_CONTEXT((#2271,#2270,#2269))
REPRESENTATION_CONTEXT('Part 27','COMPONENT_PART')
);
#2258=(
GEOMETRIC_REPRESENTATION_CONTEXT(3)
GLOBAL_UNCERTAINTY_ASSIGNED_CONTEXT((#2268))
GLOBAL_UNIT_ASSIGNED_CONTEXT((#2271,#2270,#2269))
REPRESENTATION_CONTEXT('Part 26','COMPONENT_PART')
);
#2259=UNCERTAINTY_MEASURE_WITH_UNIT(LENGTH_MEASURE(1.E-8),#2271,
'DISTANCE_ACCURACY_VALUE','Maximum Tolerance applied to model');
#2260=UNCERTAINTY_MEASURE_WITH_UNIT(LENGTH_MEASURE(1.E-8),#2271,
'DISTANCE_ACCURACY_VALUE','Maximum Tolerance applied to model');
#2261=UNCERTAINTY_MEASURE_WITH_UNIT(LENGTH_MEASURE(1.E-8),#2271,
'DISTANCE_ACCURACY_VALUE','Maximum Tolerance applied to model');
#2262=UNCERTAINTY_MEASURE_WITH_UNIT(LENGTH_MEASURE(1.E-8),#2271,
'DISTANCE_ACCURACY_VALUE','Maximum Tolerance applied to model');
#2263=UNCERTAINTY_MEASURE_WITH_UNIT(LENGTH_MEASURE(2.E-5),#2271,
'DISTANCE_ACCURACY_VALUE','Maximum Tolerance applied to model');
#2264=UNCERTAINTY_MEASURE_WITH_UNIT(LENGTH_MEASURE(1.E-8),#2271,
'DISTANCE_ACCURACY_VALUE','Maximum Tolerance applied to model');
#2265=UNCERTAINTY_MEASURE_WITH_UNIT(LENGTH_MEASURE(2.E-5),#2271,
'DISTANCE_ACCURACY_VALUE','Maximum Tolerance applied to model');
#2266=UNCERTAINTY_MEASURE_WITH_UNIT(LENGTH_MEASURE(2.E-5),#2271,
'DISTANCE_ACCURACY_VALUE','Maximum Tolerance applied to model');
#2267=UNCERTAINTY_MEASURE_WITH_UNIT(LENGTH_MEASURE(1.E-8),#2271,
'DISTANCE_ACCURACY_VALUE','Maximum Tolerance applied to model');
#2268=UNCERTAINTY_MEASURE_WITH_UNIT(LENGTH_MEASURE(1.E-8),#2271,
'DISTANCE_ACCURACY_VALUE','Maximum Tolerance applied to model');
#2269=(
NAMED_UNIT(*)
SI_UNIT($,.STERADIAN.)
SOLID_ANGLE_UNIT()
);
#2270=(
NAMED_UNIT(*)
PLANE_ANGLE_UNIT()
SI_UNIT($,.RADIAN.)
);
#2271=(
LENGTH_UNIT()
NAMED_UNIT(*)
SI_UNIT($,.METRE.)
);
#2272=PRODUCT_DEFINITION_SHAPE('','',#2291);
#2273=PRODUCT_DEFINITION_SHAPE('','',#2292);
#2274=PRODUCT_DEFINITION_SHAPE(' ','NAUO PRDDFN',#216);
#2275=PRODUCT_DEFINITION_SHAPE('','',#2293);
#2276=PRODUCT_DEFINITION_SHAPE(' ','NAUO PRDDFN',#217);
#2277=PRODUCT_DEFINITION_SHAPE('','',#2294);
#2278=PRODUCT_DEFINITION_SHAPE(' ','NAUO PRDDFN',#218);
#2279=PRODUCT_DEFINITION_SHAPE('','',#2295);
#2280=PRODUCT_DEFINITION_SHAPE(' ','NAUO PRDDFN',#219);
#2281=PRODUCT_DEFINITION_SHAPE('','',#2296);
#2282=PRODUCT_DEFINITION_SHAPE(' ','NAUO PRDDFN',#220);
#2283=PRODUCT_DEFINITION_SHAPE('','',#2297);
#2284=PRODUCT_DEFINITION_SHAPE(' ','NAUO PRDDFN',#221);
#2285=PRODUCT_DEFINITION_SHAPE('','',#2298);
#2286=PRODUCT_DEFINITION_SHAPE(' ','NAUO PRDDFN',#222);
#2287=PRODUCT_DEFINITION_SHAPE('','',#2299);
#2288=PRODUCT_DEFINITION_SHAPE(' ','NAUO PRDDFN',#223);
#2289=PRODUCT_DEFINITION_SHAPE('','',#2300);
#2290=PRODUCT_DEFINITION_SHAPE(' ','NAUO PRDDFN',#224);
#2291=PRODUCT_DEFINITION('','',#2311,#2301);
#2292=PRODUCT_DEFINITION('','',#2312,#2302);
#2293=PRODUCT_DEFINITION('','',#2313,#2303);
#2294=PRODUCT_DEFINITION('','',#2314,#2304);
#2295=PRODUCT_DEFINITION('','',#2315,#2305);
#2296=PRODUCT_DEFINITION('','',#2316,#2306);
#2297=PRODUCT_DEFINITION('','',#2317,#2307);
#2298=PRODUCT_DEFINITION('','',#2318,#2308);
#2299=PRODUCT_DEFINITION('','',#2319,#2309);
#2300=PRODUCT_DEFINITION('','',#2320,#2310);
#2301=PRODUCT_DEFINITION_CONTEXT('',#2362,'design');
#2302=PRODUCT_DEFINITION_CONTEXT('',#2362,'design');
#2303=PRODUCT_DEFINITION_CONTEXT('',#2362,'design');
#2304=PRODUCT_DEFINITION_CONTEXT('',#2362,'design');
#2305=PRODUCT_DEFINITION_CONTEXT('',#2362,'design');
#2306=PRODUCT_DEFINITION_CONTEXT('',#2362,'design');
#2307=PRODUCT_DEFINITION_CONTEXT('',#2362,'design');
#2308=PRODUCT_DEFINITION_CONTEXT('',#2362,'design');
#2309=PRODUCT_DEFINITION_CONTEXT('',#2362,'design');
#2310=PRODUCT_DEFINITION_CONTEXT('',#2362,'design');
#2311=PRODUCT_DEFINITION_FORMATION_WITH_SPECIFIED_SOURCE('','',#2331,
 .NOT_KNOWN.);
#2312=PRODUCT_DEFINITION_FORMATION_WITH_SPECIFIED_SOURCE('','',#2332,
 .NOT_KNOWN.);
#2313=PRODUCT_DEFINITION_FORMATION_WITH_SPECIFIED_SOURCE('','',#2333,
 .NOT_KNOWN.);
#2314=PRODUCT_DEFINITION_FORMATION_WITH_SPECIFIED_SOURCE('','',#2334,
 .NOT_KNOWN.);
#2315=PRODUCT_DEFINITION_FORMATION_WITH_SPECIFIED_SOURCE('','',#2335,
 .NOT_KNOWN.);
#2316=PRODUCT_DEFINITION_FORMATION_WITH_SPECIFIED_SOURCE('','',#2336,
 .NOT_KNOWN.);
#2317=PRODUCT_DEFINITION_FORMATION_WITH_SPECIFIED_SOURCE('','',#2337,
 .NOT_KNOWN.);
#2318=PRODUCT_DEFINITION_FORMATION_WITH_SPECIFIED_SOURCE('','',#2338,
 .NOT_KNOWN.);
#2319=PRODUCT_DEFINITION_FORMATION_WITH_SPECIFIED_SOURCE('','',#2339,
 .NOT_KNOWN.);
#2320=PRODUCT_DEFINITION_FORMATION_WITH_SPECIFIED_SOURCE('','',#2340,
 .NOT_KNOWN.);
#2321=PRODUCT_RELATED_PRODUCT_CATEGORY('','',(#2331));
#2322=PRODUCT_RELATED_PRODUCT_CATEGORY('','',(#2332));
#2323=PRODUCT_RELATED_PRODUCT_CATEGORY('','',(#2333));
#2324=PRODUCT_RELATED_PRODUCT_CATEGORY('','',(#2334));
#2325=PRODUCT_RELATED_PRODUCT_CATEGORY('','',(#2335));
#2326=PRODUCT_RELATED_PRODUCT_CATEGORY('','',(#2336));
#2327=PRODUCT_RELATED_PRODUCT_CATEGORY('','',(#2337));
#2328=PRODUCT_RELATED_PRODUCT_CATEGORY('','',(#2338));
#2329=PRODUCT_RELATED_PRODUCT_CATEGORY('','',(#2339));
#2330=PRODUCT_RELATED_PRODUCT_CATEGORY('','',(#2340));
#2331=PRODUCT('Assembly 3','Assembly 3','Assembly 3',(#2351));
#2332=PRODUCT('Part 25','Part 25','Part 25',(#2352));
#2333=PRODUCT('Part 7','Part 7','Part 7',(#2353));
#2334=PRODUCT('Part 4','Part 4','Part 4',(#2354));
#2335=PRODUCT('Part 28','Part 28','Part 28',(#2355));
#2336=PRODUCT('Part 6','Part 6','Part 6',(#2356));
#2337=PRODUCT('Part 29','Part 29','Part 29',(#2357));
#2338=PRODUCT('Part 5','Part 5','Part 5',(#2358));
#2339=PRODUCT('Part 27','Part 27','Part 27',(#2359));
#2340=PRODUCT('Part 26','Part 26','Part 26',(#2360));
#2341=PRODUCT_CATEGORY('','');
#2342=PRODUCT_CATEGORY('','');
#2343=PRODUCT_CATEGORY('','');
#2344=PRODUCT_CATEGORY('','');
#2345=PRODUCT_CATEGORY('','');
#2346=PRODUCT_CATEGORY('','');
#2347=PRODUCT_CATEGORY('','');
#2348=PRODUCT_CATEGORY('','');
#2349=PRODUCT_CATEGORY('','');
#2350=PRODUCT_CATEGORY('','');
#2351=PRODUCT_CONTEXT('',#2362,'mechanical');
#2352=PRODUCT_CONTEXT('',#2362,'mechanical');
#2353=PRODUCT_CONTEXT('',#2362,'mechanical');
#2354=PRODUCT_CONTEXT('',#2362,'mechanical');
#2355=PRODUCT_CONTEXT('',#2362,'mechanical');
#2356=PRODUCT_CONTEXT('',#2362,'mechanical');
#2357=PRODUCT_CONTEXT('',#2362,'mechanical');
#2358=PRODUCT_CONTEXT('',#2362,'mechanical');
#2359=PRODUCT_CONTEXT('',#2362,'mechanical');
#2360=PRODUCT_CONTEXT('',#2362,'mechanical');
#2361=APPLICATION_PROTOCOL_DEFINITION('international standard',
'ap242_managed_model_based_3d_engineering',2020,#2362);
#2362=APPLICATION_CONTEXT('managed model based 3d engineering');
ENDSEC;
END-ISO-10303-21;
